index,disease_name,description,Possible Steps,image_url
0,Paddy:Leaf Blast,paddy,"Choose resistant varieties when possible.
Rake under trees and destroy infected leaves to reduce the number of fungal spores available to start the disease cycle over again next spring.
Water in the evening or early morning hours (avoid overhead irrigation) to give the leaves time to dry out before infection can occur.
Spread a 3- to 6-inch layer of compost under trees, keeping it away from the trunk, to cover soil and prevent splash dispersal of the fungal spores.
For best control, spray liquid copper soap early, two weeks before symptoms normally appear. Alternatively, begin applications when disease first appears, and repeat at 7 to 10 day intervals up to blossom drop.",https://blogger.googleusercontent.com/img/b/R29vZ2xl/AVvXsEgKdq4KogQM1Upp4RPjGxg4ktGfGpD4qLsnZANnO3FnBNfKNCkRUCoGeRrQrmZjUVFUanP3rH2fYj01XNtGquBYaxaj_eR9Qt5_9NExd6BXKT_w5S6QkIGrVt0J7jznz8HgxjtHbcnXFpiMeJ4rsRsPm067qMNQuLhOtvTUTCpsrIvi3iCmFebC5oq-R5UW/s1766/leafblast.png
1,Paddy:Neck blast,"Leaf symptoms first occur early in the spring when the leaves are unfolding.
They appear as small, purple specks on the upper surface of the leaves that enlarge into circular lesions 1/8 to 1/4 inch (3-6 mm) in diameter.
The margin of the lesions remains purple, while the center turns tan to brown. In a few weeks, secondary enlargement of these leaf spots occurs.
Heavily infected leaves become chlorotic and defoliation occurs.
As the rotted area enlarges, a series of concentric bands of uniform width form which alternate in color from black to brown. The flesh of the rotted area remains firm and leathery. Black pycnidia are often seen on the surface of the infected fruit.","Remove the cankers by pruning at least 15 inches below the end and burn or bury them. Also take preventative care with new season prunings and burn them, too.You are better off pruning during the dormant season. This will minimize the odds that fire blight will infect your tree and produce dead tissue that can easily be infected by Botryosphaeria.You should also take precautions if the bark is damaged by hail, or branches break during a windstorm. Using a copper-based fungicide will protect against both black rot and fire blight.",https://blogger.googleusercontent.com/img/b/R29vZ2xl/AVvXsEgKdq4KogQM1Upp4RPjGxg4ktGfGpD4qLsnZANnO3FnBNfKNCkRUCoGeRrQrmZjUVFUanP3rH2fYj01XNtGquBYaxaj_eR9Qt5_9NExd6BXKT_w5S6QkIGrVt0J7jznz8HgxjtHbcnXFpiMeJ4rsRsPm067qMNQuLhOtvTUTCpsrIvi3iCmFebC5oq-R5UW/s1766/leafblast.png
2,Apple : Healthy,"As with most fruit, apples produce best when grown in full sun, which means six or more hours of direct summer Sun daily.The best exposure for apples is a north side of a house, tree line, or rise rather than the south.Apple trees need well-drained soil, but should be able to retain some moisture.","Apples Are Nutritious. 
Apples May Be Good for Weight Loss.
Apples May Be Good for Your Heart. 
They're Linked to a Lower Risk of Diabetes. 
They May Have Prebiotic Effects and Promote Good Gut Bacteria.
Substances in Apples May Help Prevent Cancer.",https://previews.123rf.com/images/msnobody/msnobody1508/msnobody150800002/43698436-red-apple-on-a-branch-of-an-apple-tree-on-a-sunny-day-organic-farmingagriculture-fresh-healthy-natur.jpg
3,PADDY:NECK BLAST,"Leaf symptoms first occur early in the spring when the leaves are unfolding.
They appear as small, purple specks on the upper surface of the leaves that enlarge into circular lesions 1/8 to 1/4 inch (3-6 mm) in diameter.
The margin of the lesions remains ","Irrigate deeply, but infrequently.
Avoid using post-emergent weed killers on the lawn while the disease is active.
Avoid medium to high nitrogen fertilizer levels.
Improve air circulation and light level on lawn.
Mow at the proper height and only mow when the grass is dry.","data:image/jpeg;base64,/9j/4AAQSkZJRgABAQAAAQABAAD/2wCEAAoHCBYWFRgWFRYYGBgYHBkYHBgYGBgYGBgYGBgaGRgYGBgcIS4lHB4rIRgaJjgmKy8xNTU1GiQ7QDs0Py40NTEBDAwMEA8QHxISHjQkJCg0NDQ0NDQ0NDQ0NDQ0NDQ0NDQ0NDQ0NDQ0NDQ0NDQ0NDQ0NDQ0NDQ0NDQ0NDQ0NDQ0Mf/AABEIALgBEwMBIgACEQEDEQH/xAAcAAACAgMBAQAAAAAAAAAAAAAEBQMGAAIHAQj/xABBEAACAQIDAwkFBQcEAgMAAAABAgADEQQSIQUxQQYiUWFxgZGhsRMyQlLBI2JystEUM4KSouHwJFPC8QfiNHPS/8QAGQEAAwEBAQAAAAAAAAAAAAAAAQIDBAAF/8QAKBEAAgICAgIBAwQDAAAAAAAAAAECESExAxIiQVEycYETQmGxBDPw/9oADAMBAAIRAxEAPwClZ5tSE3bDETQixnnWNXyOsM/Ng+KqazXAPeEYmjeSSqQqTZphGuYwemLQPBpYw+qdInIs4GimhcN8nRRBWbjPGxFoyQYtLIyoLbjL7yJx4Kmmd6nMOxtGHoZzrD1biNNnbQai6uvA6jpHERoS6uylpovfKmoRUoLc2ve3Am4Hj+sVcpPdYfMyeSsZLtfGirUpsuoGR+BIDh7C44fZnxgvKmpbKOkk+Cr+pi8juReCqBXctoHXNpLUrSFjeTaITVgjveMtgLdih3OR4X51uu0W5DGexXC1qZOnPA8Tb6yqkkTg2mdP5KV2NEo/v02KEXvp7yHvUgwvbaXpMeix87HyMr+y8cKVVSxAWpaiTfQOt2pk9oZk7VWONt4xRTK3BZlaw42WxY9n1IE0uSfGyii1NM5Vyoe+LbqVB/Tf6wbPYTNttfFVD94DwVRNEps7BVBLMQABxJmNrCJcjub+5mGwT13CILsfADizHgBGWLxK4dDh8Md/72sPecjeqngo6v7mXH1lwyfs9M3qN++qDhp+7U9Guv6k2VYS26dbKqNfcb7G2iwUK2tuniOmMtp7K/aKAdMy1kuKeujqNcl+BIuV6wRxiVaQ3y27AIZMhPvXA6nXnA91vOPBplVmNM5gim5ve/G++/G8tXISkDikY/AGPflIHr5Tblbsko/tgObUJzdT/F47/Ga8izlrr228QRGTyZlGp0y0crVPsmcXujI4t05ylx3MIJTx4dAx0LCzCx0a1vA74/2mAUdd/NY/y5TKrQQ83S2jXH8ojpWrNTfoFYCliXUaAgNbt3xsMUiq2ZgLX3np1HrFO0gGfMfeFhfsEW4dfaVCrbn0t0HpHhJOXWTRR5qy0UxlSog+JWt2lbjyPlHJQlEP3Rfwi9Fs+u7RR1kkAX8D4zXaWOOGpsWUtYgADh0Zj0R2kTeMgtB7VavQQxPQdwEkOGHOQtay+0B+TL7x7LQbCsCSdLuD323+cf4fDhgFbRnV0B4gMpJ/J5yaj2dDN0iu1cFjlJClWA3Ne1x02nsjw+2fZj2dWoFdCysp36MbHsIsR1ETJ3V/ItL5KjiFForq74yrqdYpZrNY90aJnk7DMDpG1TdF2zxeNbaRJPyJx2DUH50JqPcGCousnqpzZzabHFhO+SpQuNZrRp6xrRp2E5yrQsVbAETLJS+klrrrNUTWKmOlWCz7HUjDXJJvlax+H7Qrp3TflXqyHqP0mZsmHprxfh9xFLX/AJmHhNOUJuy9h9YJPJrWIFYrIZNSS4m7ibIIbwSqyJ6E0w1EtURQbXYC/Rrvk9R5ClTK6sPhYHwMMUJKKL9t/ZirRIW9itx/9lFi4Pay5vCDYvHl0QjRSild+a5YqwPeoMc7VcMpuRlBVv51tv8A4jKzTZTTRV1yhf63z2/qj8r3RbizsqW09atQ9Lt+Yxrg7YaiK7fvqoIpKfgTi5Hfp2jpMH2XgPbYjKfdDMzn7oO7vNh39Uh23izUrM1+apyIBuCKbC3r3yezJpuT+cC2oCSSTe+t+NzvJm+GexkbvrNqY1j1gdPA7wzRlszEtTcAbiykdTDd3Hd4RJhqsYYZgzLfp/685KDakPCVnQMfgUxNB0G51up+VhqD3Hf3zm2xnNKrZtGRhcdatqPKX7ZeMCXUnTfrw4X7DpfxldxmAH7bUcjmmzDoJYC/neapJNpoDi+yZZNotdkt8WYnrQob/wDExPVpZQH3Fcqtc31sVJv2r5wvAks7L8lMhezMC3fYKO6DYl86IP8AcQ6jgyEMPQ+MKwqKP0wDF0A6uw3rY/54xfsSiPag9AJ+n1jHZb3zg9JH0i7Zr5alUdSgd5MnJXJMol4sf4d7sl/if8gP1M25WjNh3H4fHMIPiGyPRsDZFJuek3J1jDG0/aU0Hz5Ovjc9ugjN7QrjasT7MwIoU6d9XILMei+5ezWWih7yN8rHzH/qYn224RCx0AAHn/aFbMxodWsdMocG+8qRceF5ybs5pJUS7R5O4arUapUXnNa/cAB5ATJYUUEA9IHpMj9CfZHGHXqi/EYUHW0YVSbaSKnU6Zli36FawQ4KgQZPiHtJlI4QXEi5h2yTqJthNTDqlPSBYNbRox5snK+wY5FtClrC3NhMRdZtXTmxyqjQMJrfWeZ7Twweyb2WSu+alhmHBKiHtW/0tNeUTWKdan1mmGv+yAkEWqEr1hkcHzU+E85TjnU/wn/j+s5rKNUfoYnBM9DieuwC6xW2K50brZJ+Iyr6jSCOLib0qtxJaNPgZywhdl99qXwatx9hTJvxKGx7+aYl2fULJmPF7+Fv08obs3Ej9hqJfnIri3UTnXzY+EW4FrUlHElyB0nnW+kMspGjh0yGi/ssM7gc+sSqniANCe7nfzCV+pTNo95QPZ0Qe6iADrvrfwy+EWpYxVgycsbdfAnqKQdYTREaPgwwgdahlMfsmg9aiDNXymMsJWuLxNiUuYXs+8VxxYqTjkv2xcUHAJ0dQbj5lG8doteONt0wyrUXqvEfJHDAsG+6x720HrD6WK5r4d/fX3T06ad9paOFT9mneSPYrfasw4fTU+U9rYYKyge6jVD2AEsvkRI9kDKw6TqfCH7ZW9OoRvCg6dYZT5BZyu/sFlQ2Xiff/EfWa4eldncjQ2seN1a9vOKkco+m5pYaPuKOk/3MVPFjLX3HVfBWoIfjVc/aWBJHgYJsnaQdWcj3Bu4XOgsI4Y3Rfwr6CINi0RTesX9xWZh/CLse64HfGlliXRnKakXoOLnMgDkcNSLjuFog5BYlv2hlLHIEa44c50X/AJS1bJU1aTM2985bsbQDuFvCIOR2z8r1wdTamvVpWW9+jdCmsCSu0y7YXagVQrE3W6n+EkfSZN35P0qhz5mGbUjMdDxmR/05f8w9onKXfSA1KhBm5qcJo6XmSOGZ+zJ0raSZDcwZFsJ6lS0LJt2w9RaS+00gwfSeGpEeWPGWQyi02xb82DK9hIcS9wJ22aO2AQ1buBG4QZYmp0+feM0rWEq0Ri7bHuPfLhaKj4nHgKbX82nnKdtKbdR9BBNqVCaeF6LHxBUTflY/2NI/5qv9okto0t1F/wAUVnaOM4DjAEOs8c3M9YWmhLBCT7ZGWGeG0qusSYdzCqTmSaJxkXDYtTOtanxemSB0lCCR4E+EzZT3NEbrgt1XPOHnBOT7la1M9LAHsbQ+sloj2YZvlohQeguWAP8AQIIrBs4n4sD2wSyrU+dqgt1Brj1ihKusb7RU/s1I8M72/wA7oinJGblbss2AbMIPtVLazXZNTST7WN1kbqdFVmJWXfWFYapaAutyZtSBmiSwJJvrR0zkS1wx6GUdxu30k3KXB3K1Ba6kZtbHKbqD4xTyJxNg68cyH8y/US61sOrKwI3gL3DMfWMl2ikU43hMrGGq5XU9OnkY7bnll4Gmy9V9Db0iLH4Wy5gRvGnfb1li2JRBTU3zb7+RHXp5xo5Y7xE5pXpjOD0EiNVeyoOi5+kT7ZDJWqKRbK7DwY2h2HzOjMNAALDiRfUjvMRJrDOjpF1pN9mvWo9BEu0ktTqtc+4e67Le3dDKCsEVBclV49HTB9thQlUD/ZJ77raM9AksMl5M1h7EfhMWcn8QPb4pRwAb+Wqp+sC5L7SAVkJ90HwIgHJjE5q+Ly73o1WXrKMrKPKBaQlqkzq9GpoJkCwNfPTRwdGUEd4mSnYfqcWqprpJkaE4lAIrq1NZCuxl5caC3ea098GpkmEJOaolFUw1d08YSCnVhF9JOhpbweO2lppe8myXnlWlbWBDtvqRJvmO2nfPacx1lExI4yNMa98Hh24pVZD/ABc4ekJ5UC+GpHrXzQwLDDPha6cUZKy9gOV/KMdtDNhE/hPqJzybKuD/AJX9FEfSYTmhT0bma+zyyyeDLGVxomw6aQmknOEFpVOEYYNNbyUsCRzKhlQqZCG+Tnfyi/0kuKzOj2+anSv13zD/AJQYNqBa97adILKCB4xztipkp0UVCFLhybW1Qspv188SsIPo2bW1GNBm29jkYRCNSmXMOHRmAlOfCWFzOq4QipTKncwKn6Tn+0KOVmU/CSPCJyKnaFcewNs3Q2hG0RdTAMNUIeNWpZ7KCupIuSABYBiW6AAQbzO0+2ARZU30MnoLMxOHKuQ2nHtHAjpB6ZqHCyzdiTkP9i4n2dQMdx0PZvB7iAZ01KwIv1j0v9ZxmnirzqOGrhcOh+5fxH940LSdj8OVQDtFrobdF/A3PpLHscjKtuhfrK2qW5r7m1B7dbGMuTVQgFCdxIH8LfoY0cMrJXFlN5dUv9U4+Yqe7KBJMQQlMgfLlHZYSfltT/1t+BRD5sPpAMY2Y24Aj1hkGGkXjY68w9VlBPHKoB8wZWduVOZidfkpjsvmb1HhLRskj2Fx0t+Yynco+Itvd27bAAQS+RJ/SymM7IxK8QVPYRYw/ktWNLEo/AHK3WrDKfXyg9dNe2Ntj4EsyqBzmIUdpM5OkQghq+PrYctRS4VGYLp8JYlfIiZL1V2ZSclmpgk8ekDQcegCZD0fyaLOPY+rzbxG9TWNcQ1xaIqwIaJxrFGCUrHWGElqaXgmDfdJ67QSWRm8ESVYZRqcIsWEo2oglHAM0NaNS0zEVRaCkyB3MRROlJ1ROj2nq1QTaLnczzCOc0frg63RaNin7UKfddWQ9jDTzAjLFJ/ohf4CAe0EiJsFUyujdDKfAiWZ6WbB4gfK7nwN/rAkbOJ3Boo9Mb4NjIVSMgxNMnXhGi8mOIPhRrG9M2EV0TYwtsRpOeWPxJdrJ6e0QlS5toDa4vzrWFuv9Y92hjQ6ooLWtopa4Ui17DvlQAzNfo+kbURZwD94/klrqDo1KpKy/wDJ3GXQDiLeI09Iq5WUgta/B1Dd+4wTYFV87ZTutp4yLlrXfNSLKVGVl7wQZKWYgk6Vio2zaRjgKmR2Y315otoSSqqQNNTrbvifDVOmP9l4NmIe2axDrqLAqwOgvpuAPVeLwpW22Tg7eBltfH4VHVK9POSLlTkzoSNzOALN9zcL7xKltbYgPPwz50O5W5rC/C97E8OEL5cbSvUBeiiuAcyi1muTbcdDa2t9b8Io2TtSmDzGKX3o1yjdh3qeu4mhq/JNM6ot1IDp0nQlXUqw3hgQfAy0YblDnfD0rHLdFcnid2g6IXiUGJoi9g6i6NcEW/EN6nr3SkV2ZKguLMjbjwIMksumCpcbxo7Tj6AdCu6wNrcOIIiTY1dqWUuSQSLtx10vaM8BjRVpK67nS/fb/uA4BMxQDgB4nT6xms2aUwbljTzFKw3fuz3gMvdqfGVt6tiEbRja2m8HcRLXyjW9JuARgtraWyplPkZX3pq5psw1S5B7t3jac6DEteAxGWmUGtzcAfe1gG3cDzL9BzdzaHzEeeyUZNALKF8v1vBtupzCehH8AAYJLLQr0UGtRF5ZthIKSo59+oSlMfKg99+22g7ZWDV4yyVXtisOPhNBCt/wMT53iRZGLTZfqLc0dQA8BaZIaSiw3+MyaKGo4Rh3zQbGUdbz3A74wxVG6zO/GRjUXQBhd0nrGRYdLQmoukMtjOOAFDqYUg0EgVdTCh7sDB6CRuE1dJ4jTypUirYt2iAoLzajT1gdSrrCsNUuZX0Ui8UMcPiCjK671IIuLi4PQZbExLDD1dLioS3c63NvPwlLdpbMC+eibkDmqARTDXupFj4WuJ0aqmW4ZPKRTadSxtGBUZYkxJs7cOcdOjWH0XJWI1RnvqwXEb9ILUY8ITVU3m6YUnW0ZMEW28HuyaJclT8p9I6aiUJJ6x6fpN+TmFs4vxjrbtADLYb4r5MNG3jaUK9gXJKuPblTxF/CWDlhhfaYfPbVLMPQyqbM5ldG6TaXuqQ1Jgdb6W740cxoCVqjm2QiW7kooKVLkiy92pNx/mu+V7EoFJHQSIVydz5auU6FST1+8R5SUItp2JxKpCnlkuZ242sPACVjA07mW7bFHPmPWfG8SYTC5THjJKLRLkfkw7B1DTIIJF99ja/0jvEbOo4lA5ORrWWqo0uumWonV0+dohc3Noy2NiQjnXfbMp1VhpZrdI+s7s6K8L7KmWHkzSqYdDRq2sDmR1N0ZTvsfoemNtjJZyvytp2XNomwaFX+xcANr7GpzqZJ4I+9bx/gagz3ZSjjQqdxt8p6deMMZe3o0dcUabUBKVQRzSSAesBiPSU3CVCewMq+J19Jbdt1wtFhfUNu6SVIPrKlgkJRbD481+m2lh3XjtWjlgv9Y2VD2RbyhxI9jUN/hyDrZyNPAGS7YrEUEye82VV7TEvKgP7KnSVSSGJYniQALnvJ8IH7Fm6iVCvVsJ0PYWEOIwVCqbGombI1rHKjFAl+gi4lBfZznTLv6xOrcj6OTCJT4pv7SAzeZM7ijtMzQtZI8NtVSo54HURqO2ZF+N2MTUYqBYkndxOp87zJ3aRs8Tk2HNjGa1QRE9MmbCsRxiyVmNNdRmUEhrbpFRxN5s73ECQjlaoGVtZO76QZVJMmZdNYWTeCSk80qvMoPMrrBWREQMl5Nh6ZBktBOmEIglG8FbaIal7bpdeRmIvRyEagle/W3rK3So3jzk+mR2HAgH6fSKn6L/4+ym7cTLXqD77eBNx6zfAPcWjDlZgMldgN1lPkB9IuwKEGGSuInLHyC2paw1EFhIFmK0g2wxVKx9sNB7Qf5xEN5S6ZO+L+T7c8f5xEZ8oRfL/nTFsZS8qEAW8tvJ+izIGdr8QOi3GVmkABLRsCpzAO31lOF5KR2VPlmMmIa25gG7+MbcmsNak5toUtpv0zbvEQP/yDRu6NxsQZYNh0stGoDawGh+6Rrfo1B8o0nVncaqTKxikGZx95vU3it0AvGldwXe27M3qYqrvrIRTcmZp5kyP2XGA4l2Qhl3g/9g9UY+1EExFjKRecjX1RYMDi0qoBrZtBc+6fiS48u7qlx2GKTIquzM1uazG5VhvUneeHd3zk2zcSUqhPgchT1H4WHWDLfhsUyBrG7c23Rf4GBHC/qeEdeD/hmqMv1I37LftPZhq0mpM1m94MNRfcCekEeoi9NnZUKLoyWyjsGvjcxlgsUHRXsRpZlGp10uvVN2NgAdQfdf5h8rdcKl6HE1BzUdUb4MunXcazOVyZCrA6HMD1H3vrN9ggGtUJFjnAPnw4T3lgodaifKFfwbKfIwpWgSwynVcW1uaRfpHDtnReRmIzIdbhlR+/LlcfzKZQtm4L2rpSX4j4AasfAGXXAUhh6lMAjIQVItYXJ0NuA3DvlYPBJ5/I6rnnGeyqbU5XUEquha5U2Nr77C47t3dPIlobx+TmDCxg9cwupqZHUpboEZdOiKiDDUEjCWmyPAycsMkVRIMW9hpJAYJjN0EVkVuyPCVrtaOGQEXlfwA50sDaJKTQ0Y4s19paRLidYM95GWgisFW+yHmGrR3sl7v3en/cq2GbS8ecmMRmxATpU+VjFa9h4F15ExhympZqgJ+Ufr9YlZMstHKajlyt127yP7SrVNZNvNB55VNoHaraZhqupkVZZ5hkN7w1aJwtll2C32o7PqI15TPlCHrt6xHyff7YDqPqI15XHmIfvf8A6kazQb80JxWjTYm0gjBWOh3StpWhOCcGol92aPBNMtGVSLrygwq1cOzkc5GVlP3TzSIZgqQ9g4v7wy2F/kB3jdMcA4dx930heE0oG+mo/MBfylOTa+xX2znldue4+83rFmLQ74VUf7R/xt+YzK40kFiRhb8mKHewnqKbTTEvGeAS4EvVIpCPZ5FT7OZjLDsrCutMEnRTYX3kcR2frDFoqI1ooBlXpFu8gzl5KjRCPV2grk9i7hVJ6cp6zvB6b23RouKR1YfCCVYcUYG2YdXQZWXGSxXcbN2dd+B/tGNDE5nV9EZ1ysNCA66K3QVYbx03kqdNPaLutheDutcq55/M53BxqEcdo0PWIJtR864qoDcBGpr15NWI72t/DJNqVxZcylGU2DC5XUjMjD3lBtcHgRIsSi/s2VDeyVQeF7rmDd9r+UvBxcU0yU0xPyGzGuzD4UbuJIt9Zdcbh86rcagEbuOUWt38ZUf/ABtSDPiCSbhUAHAgk3uO4S84gWvfcFJ8LaR4k2fPteqWZma5ZmZidNSxJ+syOcJsrOgf5rnzMyNgTowSkDNqrWIklBecBJMVRkrySuyWnSDLF1ZSrWhOFxFhaRYhS2sL2LNYMomD4/dN0Np5UTNClRNLNEGzU1jitugdDDZd0JXUWnSya+tRoGAkVRLnSbubSXDHMRO0rEi1VE1JLCxhHJiplxlPrYr4qRPMauVbiKNm4vJiKbdDof6heJHyTKRaTR1blvT/ANKzj4Sh7iwX6zntKvpOn8oEz4KsB/tsR2qLj0nIEeKqkrB/kLs0w9zeEpTAEHwygwl4LrBnjJxCdhN/qAOo/SPeWP7hT98fWVrYb/6lexvSWPlpc4b+JPzD9YrXkvwGL8kyqIml5qauUg9BvMp1ebB6bZntKNZLTdPB0XAY5XoEX3i3iR+ssdJPsNd2n55zXYl1qotzZiNOzX6TpzNall1FlBv8Opa4B6RbzEDdl07SONmp9o/42/MYZU1WK8/Pb8R9TGKtdZOSzZ5+2KXQlo42cCBYwFRzowoG0o3g18cayNKBuw7Y5wpDVVvawPHwlcSvaxh+ysTmqC26xPfcRoOi20N6NK9RqZ3Xup6NT6Hyg+Iw5UlSLW8v7fSTYl8lVH6Tr3xltlFKI/H3T2bwe4xZxtWtoonT+4sxde6lCLnKNeDgD3SeDDh0wTZ+OB+yYXBzDjezDp6Re3fJ0wuaoj2HNupHU3GabU2cq10Smb3DPlbhYAtqBre3GLBLa9/2c/hgvJjErg8WyVGGSqtlf4d91v0byDLfyk2mlPCYipmHNpsBY/G4yoPEiVWhiKGJCU3ysWfLkqZsyXB5y1Ab20433iVXlns7EYZMgL/s7MVKupzKysCBmtZkul1YW3kG19dXGsZM0sXQz2ZiglKmvQq+Yv8AWZAMBRz00Y31UeQt9JkWkUA3SxE0xFST4nfBn1EkneTC3TAC+sb4GzCLHw81w9VkbWNJWsBV7Ydj6FjcQSm9obVxAYReN86LfXINSGNOqGGknKDfBMANTD6qWEEnmjU3aFGNOptI8DV53fJcSkjwFLWPfiZnhjjG6pK+2FN83HfLLk0tI6tNQJGE6wBydHSsHUz0Op0/MP7zkNdMuh4aeE6hyZq5sOnULeGn0nNuUXMq1F6HbzNx6xeH6qLOVoho4u1owo1c0rC1CTHmBluSNKyEraGeyltiEPWfQy0cqRfDntX8yys4A/bJ2/Qy0cpf/jN3HzEjuS/AsGUDEvYSPZj86eVjfSTbMw51mmSqJandlh2I18TTH4j/AEmdSqEmjrwt2Hm3uOjfOY8msORiUJ6G9J1DGaUr/dP5RILTNK0jgbNzj2mNMM91iao1mjDA1IZrBg9ktQcZPSbSQ4jdMw1SDcTZxvxCa7EWhGyMVaqt9x08d3nBq7C0XPWsdDrOidKfVnQtqLmNMD4t/ZCs5DBGN8o074k5PY84hxm+BVHfqSZmP2mBiHsdygd++WfyWjK0MUqKHKDhrb7vV1qfKN8Jg8yVWBBqNmGY+8qkc0KejfrKFVxTq4qA6j/LS27Lx5GVxcBgLL1EXK/Udkz5hK/THxJV7RWuS9PLilB32YD8S2I/KZ0/GYaniaRp1lDJUXVT5EHgwPEbjacux7GniWdPhfOvDQ6287TpOzMUGXTcQHXsbUjx9Y3drRHriirvybamcioSq6KQNCvw99rX67zJec0yd+og5OHV00gRMyZDDRiZsrDjNa9MGZMjFf2i+rdeyYjz2ZKLRF7J8LiLNLAOcsyZJT2jTHQsxFHWe4RLGZMnPRDl2EYnFgCI8RtC5mTI3FFAWjo/ITEZqFuhiPr9ZTOXqZcS/wB4K3lb/jMmSfF/tf5HWhBgkvaPMMbCeTJfkB+0O2e96idstvKE3wr/AIL+X9pkyZ39RJbOZJXJaWXY1PpmTJfm+g1x0WzZVMCsh6j6S5bWFqDHoRj/AEmezJHhynfwUfo4XicPfWQYd8pmTI60Ygqs9xMwwnsyKtFuMzE1YvL3MyZGiJP6g/Z+1Ww5dl3lCB0BuBPnBcBjGLXY3LG5J6ZkyXSVFuOTHdSrcS97Lwa1cJTZbZ1WwPEgH3b9uo65kyScU1ksvqFGMw2cXtZ10PC4/wA8DePdjvkVddBbT18b+QmTJmRWRYM3RumTJkUQ/9k="
4,Blueberry : Healthy,"Blueberries Are Low in Calories But High in Nutrients. ...
Blueberries are the King of Antioxidant Foods. ...
Blueberries Reduce DNA Damage, Which May Help Protect Against Aging and Cancer. ...
Blueberries Protect Cholesterol in Your Blood From Becoming Damaged. ...
pady May Lower Blood Pressure.","Deep, low pH mulch like peat moss, pine needles or well aged sawdust conserves water and minimizes soil water fluctuations. Water blueberry plants during the day. Keep the soil moist but not soggy. Give them at least 1"" per week during growing season and up to 4"" per week during fruit ripening.The blueberry is a shallow-rooted plant. Therefore, it requires a soil that holds moisture, but also drains well and doesn’t stay wet. Don’t plant blueberries in sites that have heavy, clayey soils that stay wet.",https://image.shutterstock.com/image-photo/blueberry-leaf-collection-isolated-on-260nw-308491814.jpg
5,Cherry : Powdery Mildew,"Initial symptoms, often occurring 7 to 10 days after the onset of the first irrigation, are light roughly-circular, powdery looking patches on young, susceptible leaves (newly unfolded, and light green expanding leaves). Older leaves develop an age-related (ontogenic) resistance to powdery mildew and are naturally more resistant to infection than younger leaves. Look for early leaf infections on root suckers, the interior of the canopy or the crotch of the tree where humidity is high. In contrast to other fungi, powdery mildews do not need free water to germinate but germination and fungal growth are favored by high humidity. The disease is more likely to initiate on the undersides (abaxial) of leaves but will occur on both sides at later stages. As the season progresses and infection is spread by wind, leaves may become distorted, curling upward. Severe infections may cause leaves to pucker and twist. Newly developed leaves on new shoots become progressively smaller, are often pale and may be distorted.","Disinfect the cutting edges, then prune out and discard the diseased portions of the plant immediately. At the same time, apply fungicides to protect the remaining leaves on the fruit tree. You'll need to repeat the fungicide applications according to label instructions to protect the trees over the entire season.",http://treefruit.wsu.edu/wp-content/uploads/2017/05/Fig1.png
6,Cherry : Healthy,"There is no difference in care between sour and sweet cherries.
Apply mulch to retain moisture.
Drape netting over trees to protect the fruit from birds.
Water routinely in dry areas.
Thinning the fruit is not necessary for cherry trees, as they typically thin naturally in early summer.","Packed With Nutrients, Especially Vitamins C and K.
High Antioxidant Contents May Prevent Chronic Diseases.
Plant Compounds May Protect Against Certain Types of Cancer. 
Beneficial for Heart Health in Various Impressive Ways.
May Decrease Blood Sugar Levels and Protect Against Diabetes.",https://previews.123rf.com/images/annafrby/annafrby1907/annafrby190700078/127086189-cherry-on-branch-with-green-leaf-healthy-food-fresh-fruit-two-ripe-berries-of-a-cherry-on-a-branch-l.jpg
7,PADDY:SHEATH BLIGHT,Rice sheath blight is one of the most economically significant rice diseases worldwide. This disease causes significant grain yield and quality losses. Yield losses of up to 50% have been reported under most conducive environments. ,"Irrigate deeply, but infrequently.
Avoid using post-emergent weed killers on the lawn while the disease is active.
Avoid medium to high nitrogen fertilizer levels.
Improve air circulation and light level on lawn.
Mow at the proper height and only mow when the grass is dry.",https://upload.wikimedia.org/wikipedia/commons/1/15/RiceSheathArk.jpg
10,PADDY:NECK BLAST,"Leaf symptoms first occur early in the spring when the leaves are unfolding.
They appear as small, purple specks on the upper surface of the leaves that enlarge into circular lesions 1/8 to 1/4 inch (3-6 mm) in diameter.
The margin of the lesions remains ","Irrigate deeply, but infrequently.
Avoid using post-emergent weed killers on the lawn while the disease is active.
Avoid medium to high nitrogen fertilizer levels.
Improve air circulation and light level on lawn.
Mow at the proper height and only mow when the grass is dry.","data:image/jpeg;base64,/9j/4AAQSkZJRgABAQAAAQABAAD/2wCEAAoHCBYWFRgWFRYYGBgYHBkYHBgYGBgYGBgYGBgaGRgYGBgcIS4lHB4rIRgaJjgmKy8xNTU1GiQ7QDs0Py40NTEBDAwMEA8QHxISHjQkJCg0NDQ0NDQ0NDQ0NDQ0NDQ0NDQ0NDQ0NDQ0NDQ0NDQ0NDQ0NDQ0NDQ0NDQ0NDQ0NDQ0Mf/AABEIALgBEwMBIgACEQEDEQH/xAAcAAACAgMBAQAAAAAAAAAAAAAEBQMGAAIHAQj/xABBEAACAQIDAwkFBQcEAgMAAAABAgADEQQSIQUxQQYiUWFxgZGhsRMyQlLBI2JystEUM4KSouHwJFPC8QfiNHPS/8QAGQEAAwEBAQAAAAAAAAAAAAAAAQIDBAAF/8QAKBEAAgICAgIBAwQDAAAAAAAAAAECESExAxIiQVEycYETQmGxBDPw/9oADAMBAAIRAxEAPwClZ5tSE3bDETQixnnWNXyOsM/Ng+KqazXAPeEYmjeSSqQqTZphGuYwemLQPBpYw+qdInIs4GimhcN8nRRBWbjPGxFoyQYtLIyoLbjL7yJx4Kmmd6nMOxtGHoZzrD1biNNnbQai6uvA6jpHERoS6uylpovfKmoRUoLc2ve3Am4Hj+sVcpPdYfMyeSsZLtfGirUpsuoGR+BIDh7C44fZnxgvKmpbKOkk+Cr+pi8juReCqBXctoHXNpLUrSFjeTaITVgjveMtgLdih3OR4X51uu0W5DGexXC1qZOnPA8Tb6yqkkTg2mdP5KV2NEo/v02KEXvp7yHvUgwvbaXpMeix87HyMr+y8cKVVSxAWpaiTfQOt2pk9oZk7VWONt4xRTK3BZlaw42WxY9n1IE0uSfGyii1NM5Vyoe+LbqVB/Tf6wbPYTNttfFVD94DwVRNEps7BVBLMQABxJmNrCJcjub+5mGwT13CILsfADizHgBGWLxK4dDh8Md/72sPecjeqngo6v7mXH1lwyfs9M3qN++qDhp+7U9Guv6k2VYS26dbKqNfcb7G2iwUK2tuniOmMtp7K/aKAdMy1kuKeujqNcl+BIuV6wRxiVaQ3y27AIZMhPvXA6nXnA91vOPBplVmNM5gim5ve/G++/G8tXISkDikY/AGPflIHr5Tblbsko/tgObUJzdT/F47/Ga8izlrr228QRGTyZlGp0y0crVPsmcXujI4t05ylx3MIJTx4dAx0LCzCx0a1vA74/2mAUdd/NY/y5TKrQQ83S2jXH8ojpWrNTfoFYCliXUaAgNbt3xsMUiq2ZgLX3np1HrFO0gGfMfeFhfsEW4dfaVCrbn0t0HpHhJOXWTRR5qy0UxlSog+JWt2lbjyPlHJQlEP3Rfwi9Fs+u7RR1kkAX8D4zXaWOOGpsWUtYgADh0Zj0R2kTeMgtB7VavQQxPQdwEkOGHOQtay+0B+TL7x7LQbCsCSdLuD323+cf4fDhgFbRnV0B4gMpJ/J5yaj2dDN0iu1cFjlJClWA3Ne1x02nsjw+2fZj2dWoFdCysp36MbHsIsR1ETJ3V/ItL5KjiFForq74yrqdYpZrNY90aJnk7DMDpG1TdF2zxeNbaRJPyJx2DUH50JqPcGCousnqpzZzabHFhO+SpQuNZrRp6xrRp2E5yrQsVbAETLJS+klrrrNUTWKmOlWCz7HUjDXJJvlax+H7"
8,Paddy:Stem borer,"Stem borers can destroy rice at any stage of the plant from seedling to maturity.They feed upon tillers and causes deadhearts or drying of the central tiller, during vegetative stage; and causes whiteheads at reproductive stage.The stem borer larvae bore at the base of the plants during the vegetative stage. On older plants, they bore through the upper nodes and feed toward the base.The yellow stem borer is a pest of deepwater rice. It is found in aquatic environments where there is continuous flooding. Second instar larvae enclose themselves in body leaf wrappings to make tubes and detach themselves from the leaf and falls onto the water surface. They attach themselves to the tiller and bore into the stem.","To prevent stem borer infestations in rice, several integrated strategies can be implemented. Planting resistant rice varieties that are less attractive to pests and can withstand damage is essential. Proper field sanitation, such as removing and destroying plant debris after harvest, eliminates egg-laying sites and helps reduce pest populations. Timely planting during periods of low borer activity and using trap cropping—planting a preferred host plant like maize around the field—diverts pests from the rice. Biological control, using natural predators like the Trichogramma wasp, can also be effective. If infestations are severe, insecticides can be applied, but it’s important to follow local guidelines to avoid resistance. Finally, maintaining proper water management by keeping a consistent water level in the field creates an environment less favorable for stem borers, as they prefer drier conditions.","data:image/jpeg;base64,/9j/4AAQSkZJRgABAQAAAQABAAD/2wCEAAkGBxATEhMSEhAVFRUVFhYVDxUVDxUVDxAWFRUWFhUVFRUYHSggGBolHRUVITEhJSkrLi4uFx8zODMtNygtLisBCgoKDg0OGhAQFysdHR0tLS0tLSstMC0rLSstLS03LS0rLSstLTctLS0tLSstKzctLSsrLS0tLTctLSsrLSstN//AABEIAOIA3wMBIgACEQEDEQH/xAAbAAACAwEBAQAAAAAAAAAAAAAEBQIDBgEAB//EADsQAAEDAgIHBgQFAwQDAAAAAAEAAhEDIQQxBRJBUYGx8AYiYXGRwSMyodEHEyRy4UJSYjNzssJj4vH/xAAZAQACAwEAAAAAAAAAAAAAAAABAgADBAX/xAAlEQEBAAEEAQQDAAMAAAAAAAAAAQIDESExBBIiMkEzUXETI0L/2gAMAwEAAhEDEQA/AMU0pnhQl9LNMsOuXSUU0KGJNlY1UY02VM7BmtIO7yFBVuLd3lQ8rXOjPp3ZQzg2GNrtv+RTwfefRIOxr/0VPzf/AMinw8OrLmas91B6tlx9lI9eii/Lrcva1/Tkqp0DpP8A1XIz481wnkOa7Nzx9kwuu9/ZSokADyVbzzCnTcRF9m5SIGqZ9eC808jzXH59eC8DfgeagVzr6BRnrivT1wCg93XFQHqxsR4H3Xyk2JHivqj/ALr5dihD3iP6jzWrQ6owx0TpB9M2Nty0+HxgdfasRQN1pdDhNq4+qHmVjR0A45FGCo4WKq0eEbiacrBceT40p0pjaYs4WKhoyLhpBacvBJO0b+9CE0diXNIgrXjp+3eBvyO0lS+IQeCAxeu3MWR+kgXQ5AHHuAg94bjsWjT5gUNRCZ0ErwxTWipl0QS1BaQdZGhLNKusq8ewjOVj3iqaik43KhUWsX0vsOZwTP3P5laFo9uSzP4fmcJ5VHrSUzlwXM1vnQd/hcGzgvfYc1AbOHNVQLVjvY814G/W5cd91yb+igpHZwVzRBHkeCHc63pzRDiDqi2W7yR+hBVTc9bl4Z+vsoVDn1sC6Df19lC1B3XooE+6kevRR2HijCuOXzbSjAK1QCY13Z55r6RHXBfPdOtivV/dzC0aF7NiDw5utTooWCy+GF1qtGiwV2p0ZpMAMkyqCyWYB2SZ4o91YJ3T49MJ2lPfS6kUZ2gd30CwroYfGBDKniQBc+SExQa+4sVU42VJfKsxmyWp4NN6STYJOaSTMtXSk+l3WTdIdMuzVen2EI2lcqLgXnrYL6J+Hbv0pG6q7kFpqZsOHNZP8N3fAqDdV5tC1VM263rl+R+ShU464qE9cV159+arcffmqYC52fqoDZwXSefso7utoUguvy63ohs90+/khX5evNSp4k5QLEiPRNjN1ujp+u2KqmZ62Lwz9fZQe68+HsVJmfr7KVTlNrsievRRn39lKfbkoDPrcgVwHrgsP2lYPz38J9Ats37clj+1FP4xO8BX6HY4lGFHeWp0dkFl8J8y1Wjsgr9Xo57gtiMx9TuoPCDJW6QNlgw+Rp0w2m399Cscp6Xd30MHLp4pFznLuFZrOjzVOsmGiKfeJT9QMgmjhkndNJtF7E5YqtQtWOKz+lSn1Q2SDSZQ0+0hI7NRcp1QqXFaoZu/w2d8Ot/uN/4rXTb15rFfhu+1YeLDzC2f/sub5P5KSrXfdQJtxK649cFDr6LPAWzfPaoTcceYUj9lU77qCsqG3qqcC0l1UA31hEnYRsVjz78kz7PaEa+s+o50HUFhBym5G+6v0MbleGjxrtlSXJzmzME/UHP6q1hvl1AWg012fpsH5jXw4mH2s61jAWfLSDHWSOtp3G70mvj7rZ1XnD25FVbutisB9lWdnWxURRUB16LG9r60Vo3tB5rZgrD9uWfGYd7ORKv0JvmMLcE6XLXaOyCxejvmC2mj8gr9bo59hVHSb4C7hskPpV9lh0vkP0xGlH99DyuaRd8Qqljl05BgkJ5oan3Z3pExaXRje6Ajn0TIm0ULBN2pTooWHkmzVXqJXK2SQ443TzEGyRYrNDBIVYgIRxR+ICWvzWvAzYfh1U79cf4sPoSt4x2fmeS+d/h2/wDUVBvpnjDgvozKYLdZjtYggPbEOZbPxHiuf5WP+wtm9eJ9uShPt5L0+3NVvdAkmLbfPdtWWShtatJtwH0XIzJIaATJc4NaLbyqvzHHIRnnn6bOKr/KacxrXBE3MnzRkm/J5JLzyKfUaWlzDr/2xZsxAgn5uCb9lcLX1+8WBxAcTnDciB43UdD0WTeDHhmdwKb4drTXIaCPhmNkGc1s0ptG/Tw9OPWw/E4Oo9rhrasW7wBFRo45bFhqw1DDmlwkwQe+M7Qc4W9puMar9U+WbZ3LL4yjTmo2J1D3TtuDKfWx4Tb1Y2ElJzXXY4OAIBGTwZ2tNwoz16qux6g57968+o6ctb0Dvsfp5rDtHPslv6dHXqsd27EPpn/Ej6rX64N5G2xMHPcbrIfiI0j8kkROsMs8lf4+N9chZjZWe0U6XrcYDILCaCu5bzBGwV3kzYxzhzZC6XNkTSyCC0w/urFoz3CwWPf3yq6Zuo435yu0F09k3HUGzC1ej2W4LN6PZLgtXhxAQzpazujW2TJqAwAsjmqrPtKqxTrJHXN04xpsktQ3UwGBsQ1K8QLptVCV4oLTpXkT78PXfqo303+xW7xDCx2u3Pur532Gq6uMp+Ic31avplYSOA5rJ5nGZagMXIgk7Z7xM381D8xoyG9VVKfvzVZ+/JZQtowVLdblEOMWzORjKMz5qjDNLoaNpHBX4Z7DWE/I0gNnbGXqZT4Yc7tHi6fqy3v00mjW6jWiRMyfEnNEtrk12OmLFsmwnz80M45EmwdAFrTv3r2kH95t9uUeC0y8N15p0cTq96RtAGZJ8Fn6h+I4mxJmJMCQQUdhjeYvEgRmgMUHGpMxm42BnMEJs7uGM2Z+sPy3vbNptzUTW64qXaEgVGGf3dcUHPXFZc8ftj8rDbLf9r6mJ8JzWU7cV3hjDYAktiARcTacjbMLU6nusz+IIijT/wBz/qVZ423+SM2N2rPdnvmW8wWxYTs2O8t3gxkrfL7pqbU8kt0ybFMmGyVaZdYrHofIWJrslxUqbVZUFyugLoY1DXQlKXStJTSfQbIbKbtSatJSHCCwRYQ2HFgiAUmXY0HjnJO4plpB6VSnxnAxx6W4oJk5L8UFdp9in2bfGKon/MfWy+q69uHIr5Hod0Yiif8AyN5r6v8AyqPNnMLkm4Z8VU5t/XkrZt68kVRotp/Eq220mEd6odhI2N5rFjjbQmO9DU2/lsBcO+4S0babI+bzOQROhcMCA8tuSY3j7JWa7qhL3GS47fDd4CyZaE7piSRNiTa0SFpnTp6M2w4Oq5aAZ/uv4DevYx4Oq4QRYTtNvqgi3WcXWlplpuDBzE+yPNPWY0tiIG6DCaHGUzZpnx8+vZLqrgajjP8ATw8Sj8O+WtndwGcrO4xpc8VGzaLDIi2Y2o0Ij2hw8sLo+UC8ZjM8EkpHf5/UJtpx+t3AIJaJgEtblf8AhK8Lh3GmXf2GH2iAcj5WKTKe1V5OO+H8FA+/ssx+Io+BT/3P+pWm/nkFmfxFH6ekf/Le/wDiUvjfljnY9s92ZF1ucHsWJ7MBbXCq3y+6e9mgNkn0w6xTeLBJNNOsVm8ecizZzXmC6r1kTgKcvC3YpWkwTIaAiKjoEyoUyqMU/YVVlzVf2FoiytJVTFJ5shezFWkXpc0onSb0FTKuk4GLSgsSjJQmICfHsQmBB/OpxPzty/cF9cpNLiABJOtAC+TYHE1KVZj6byx4cNVzTBF19Rp6Qe6XF1z8wENaZvGq2FX5k32C7fZmzENpjutBqf3kyxlv6GxBPieCU4muXEkuJJuSTJNs10VJ+nJDBus5o3kT5bVjnPCb23aCtHMIBcYBa3uyNrt/qnOEcCWsMDfvgbrpfRaHa26bXudgB8FHDPcHtcGhwBDSZjVac3EbYhXyOrJJNv0bYggOdJsQcgRYCeNkXh41dVwMtlzRPdiLXShxJkQCWjOfmBtPt6Jvg2NFMCSRq2Bcc42EohU8NXIozN9Xuj/IyAPqk9KTqUwZMjX3tg7twTKmx2oGgxAmYmBH/wBSWm4tI1dsgEGxm/uokR0k/vuaHboO0W5JZTxDqdQuaYNpIu0yNs2IzsUViaofUcNl2m1iALnxlC4un3T5WtuP8qWcF1OcKbMfSqAmRTcMwZ/Kf+03LT4G3is5+IGEecK1wYSBUklnfYBESXCYCvp1XAdbkr7U4+s2gS06oJ1XRI1g4QQYzCXR/JHNllvMKOzIstlhFkOzQ7q1+EKnld1PsxJss/pp2aeuKzumnZqnxhIU30JSuXJO1aPRtPVaFsnELTDWSzG14ujaz4CR6RqEkNSYzelhk1eqmy41RrmyF7Mzulal1RRcoaWf3lHDuWmY+0RcqmuFYCo1cksQuHzs/c3mF9GY2PUL528d5vmOa+ltHNqTyrxArjevVTwLJefBpI5e685kTx5q/RVI/EO4D6mVkw5p9Gb5x2m6DqkRBYBczeSuYqr+WSfK5Jy223iVHGu+YBwLi607bQJ4q5uFgHWJcQBfdvzutDqLsJUGqx0fKdV9pBBEjgneALi17RmJc0G2y49UifExse2fCQJHuvYDHhrg0O74MRP9MweXNAp9iJZR1jYvAEZ6o2gQs1j6gDdabzqtvHdBlzh5o7TGOJhjXy6+qMiG7/AfYJNUvMnZ+WzIwdpTSAhQeXy+YsfCM7KzUJBmbTO+NXJCPYWfLIaXQSDcjy4FGUyS2ptHeI3mBElShl05RYCMuoSrtwz9If3sTejkOtiVdtB+jd+9nNU6P5J/XLnZJ2cHdC1eGKy/Z8d0LT4ZHybzTDC6yzmmnZrQPNkg0nR1gTKTx4hTg2S4BaWmIASTRNK8p1rLTl0FV4p6Ruqy8lMMbWgEpSCjhOAh+1V4o2U1Ri3WSfYslpQ95dw5UNJfMu0Ctn/EMNaV5+SiwqRVIA6guPMc19Mju8BzXzSsvqNDDOdTB1mfIJJqMAyHiqvJm8iWbqqx9+SbdnsMXUaxAEk22CwnNAOFFt3uL/BjYBt/e7Z5BV0e1ZpE9xracQ1jW2Ft+ZPic1TpSS8rNLbHLej6OiNSKj+852zYNWN+e1WYgsa4lx1QbCTAmbeZWf0j+IEjVYzYZsANtxt3LKYzT9V87Lki5JE32rR6LWq+RjGzxmlaTQWidZlwSO6c7TtWWraf1arXlocQLxYZbPBI6uIe75nE8bIVxVmOEUZa9vTV4bSbnvL5Ek3/AG7gneHxlJwGqdUMkCRBcd8HyXz2nXc3I/ZHYTSZEa17z0FMsD46/wC27r4cODWXyk7+s1ZoHAv1KmsMmu1LXeYEcUi0X2jY3NxH7hOsL2nYLpji+0GsxtKg6HEyXNmWwZz4JLNll1MbjuLYOuCVdrr4R/m3mtBSxTMRDTDMT/W2Ip4gx8zDkH/47Uk7WUyMNUBEEFoIIuLhZsJtqT+sFx2pJoJvdC0WHSDQw7oWjYyACpr90dnXusUo0o6GHxTjVlJ9Ni4aj48PjON1ejqcNRVV1lXREBRrOV2Xaql+PfMBBq6oZJKp2p4h+QULjMk+pYYFD6TwQDSqMct6s9D57jh3lykURpGn3kKwrdOcQGMKnKoplXAqugorLbaLqFtJhGTmAxaJWLrLZ6GE0KX7Aqtf4wKsfVdySfHtJTypT9kJUo9cVmxoMpXoOByQ5aVqMRhcrbEBiMHfJaMdUSWFU7r6ptUwaDfhTKtx1JUgUKym1EtwZRmCwiOWpNhoWjg3EhabQ2B1L9ZKWHwwEWTCkLdblkz1LSp4ig12fDwtZDaZxdY0HivFZkASe7WERqnXHzR4goz+EHpq+HqeQ5hJhbMoktKdFfKFqGM+GCsxowd0LUYV3w4T5zfdbh9u4YZlIdInWq+Sch8NKS1j3pT6GO0Nlxim1BYp6Je6yAxDtiadqIqIsqBmiHZIcZp4LTUcWQqtI40lqpaUPjjZZ5OR3rNY6pLihQVdiz3kKSuhhOBFUyiAUHScimlJlAdqha7QJ+BT/bH1WRctZ2dvRZxH1Ko1viFMZtHWaqc3rirdnqoPGfFZCqarMuKor0euCMbfxufqFyq32R3EtfQQr8NdOTTsOtqp/J69U0uwgWYYfX2VuFo9cUdTpX4hRpM5+6O6VfSbYdbVNvXovMFgvDr0KQqyfZCaYP6eoPAcwiSfZCaX/wBB/kOYUx7iQBo0WCdMqECEm0bsTNzldV+HSOKqWS9pVuKeqGqyfEupfp2q5AE3V9d+aoYjOiR6obIdqvqZKgIxDkKjGZK4FU4vJUzsWYxmaDcjMbmUE9dDDoVtIothQNMoukUucReVp+zbvhDwceay7VpOzLvhuG532WXW+Jac0zz/AIXY222bc1Haetqg49eRWQqdMZ+Y233Lzx1xUKZz62qx/wB1KjgFvVcaL9eCmz39l5mY62KDHGt/6qto5+6vAvwHNVEXPmjBqYyCiOvRS2BV/b2QhUnFC6WPwX8OYRLj1wQWmD8J3mOYTY9iG0eUcXILAZIl7oCuq2BaxkqDnWUS66jUKsvWyu81RXOS81QJkqYcFKkcq5KgK+obKgIxDYFV4rJTVeKNlSLM435kE5G4/NAuK6Gn0MdYi6RQTSi6RRyQS1Puyz71G+APMJA0px2Zf8Uje08wsurPbQaZw5KMe6mdnXgoAdcFhI6Rc+RXZ64KA+YeIPJdB9lBWU/su0hceYUKbuS6DceY5qItkTlu5qipmfP7Kxp64qqv8x8/spBqU2Cq1uuClNhxVZKaFTceuCC0ufhHzHNGE9cEFpc/D4hHHsYrwYsrcSbKrDZKvEuV8nKyqwVTUcrCbIaqU3dVoSvB64pAJth2ccTCi1dqKLVJENQoYjJdXlQLMaQzQK8vLoafxGOBE0l5eTZdJRLE00B/rs8jyXl5ZdT40GsOzraujb5j3Xl5YCobW9b1x/XqvLyKPU8+B5rpOXmP+S8vKClt63rmI+Y+f2XF5DHtKiRYcVWevReXk8B09eiD0p/p8RzXF5HHtIqoZKqpmvLy0TtZkrqKsC68vKY9kVbV5y8vJ6Kmou015eUB/9k="
9,Paddy:Hispa,"Rice hispa scrapes the upper surface of leaf blades leaving only the lower epidermis.It also tunnels through the leaf tissues. When damage is severe, plants become less vigorous.The presence of grassy weeds in and near rice fields as alternate hosts harbor and encourage the pest to develop. Heavily fertilized field also encourages the damage.Heavy rains, especially in premonsoon or earliest monsoon periods, followed by abnormally low precipitation, minimum day-night temperature differential for a number of days, and high RH are favorable for the insect’s abundance.","A cultural control method that is recommended for the rice hispa is to avoid over fertilizing the field. Close plant spacing results in greater leaf densities that can tolerate higher hispa numbers. To prevent egg laying of the pests, the shoot tips can be cut. Clipping and burying shoots in the mud can reduce grub populations by 75?92%.Among the biological control agents, there are small wasps that attack the eggs and larvae. A reduviid bug eats upon the adults. There are three fungal pathogens that attack the adults.","data:image/jpeg;base64,/9j/4AAQSkZJRgABAQAAAQABAAD/2wCEAAkGBxAQDxANDg8ODw8QEQ8NDQ8ODxANDg4OFREWFhUSExUYKDQgGBolJxMVITEtMSlDNy46Fys2P0swOCk8LisBCgoKDg0OFRAQGCsZHx4rNy0uKy0rKystKystOCsrNystLS0uKy0rNystKysrNy0tKystLTcrKysrKystKysrN//AABEIAFwAdAMBIgACEQEDEQH/xAAcAAACAQUBAAAAAAAAAAAAAAABBQACAwQGBwj/xABBEAABAwICBAoGCAUFAAAAAAABAAIDBBEFIQYSMUEHNVFUYXSTs9HSExYXInGUJTJCYoGRkrFSVaGy8BQjRHOD/8QAGAEAAwEBAAAAAAAAAAAAAAAAAQIDBAD/xAAiEQADAQABAwQDAAAAAAAAAAAAAQIRMQMSIRMyQVEUInH/2gAMAwEAAhEDEQA/AEmlOklcyvrWMrq1jGVVS1jGVMzWta2ZwDWgGwA2JYNKMR/mFd83P4oaYcZV/XKrv3JWAsdU9CNxpPiP8wrvmp/FVDSfEOf13zU3ilACqCXuYRsNJ8Q5/XfNTeKPrPiHP675qbxSi6l13cxhv6z4hz+u+an8VBpPiHP675qbxSgFG6Hc/s7Bx6zYhz+u+am8UfWev5/XfNTeKT3T/BcIvaWYZbWMP7lDuf2LTSQzwevxB1pZa6u1NrWmqm97457Ezmx6q51Uj/2kz/qsConAFhs/dYhdfM7NwU3bfyZXTbGYxyr+saupA3f78virMmkFYTlV1Q+E8nig3C5XxmXY0ZhpyJHKkmIVIjaQD72xFdzfIWqWHYODOukmpJXyyySubUPZrSPdIQBHGbAndn/VRL+BPPDpidprJL9jCgt0rwiqTOSaXj6Sr+uVXfuSsBNtLuMa/rlV3zkpCzVyOFQKKBLyEiBKKCIxLo3VJK2PA8I1bTTDPaxh3feKD8C1SlBwTCLWmmHSxh/ucms9QPDlKkkhcbNub7BvKaYfhOx7xd3TsHwU1tkVL6j0VwYbJIdZ3ujcCnVHhjGHWcNYjZfZ+Sz9W3w2KmqrGxtuSAT+NlddLFrLqZQv0grvR07zfN51GjkC5xUSaxJKeaTYp6Qhg+q25aDtz+0Vr10Ka+BH5enbeBLi6brcncwqIcCPF03XJO5hUWifagnJ9LuMa7rlV3zkpTbS7jGv65Vd85KVnrlhAVAgpdAIUHFAlPtH8K2VEoyGbGnYfvHoXbgKrtWleA4Ra08w+8xp3feKeNY6VwYwG3+ZlXoKZ85yyYDcnlTiGAN91mTQLX3k8qRJ0yUy7espw/D2R5k3d9orMdUAZNF/grDyLZm37lW/TkCw1R071qmElpbfhEq6mwLj7tlreMYg1jNYnWcdgO87vwVzG6tjWl73ONjkAcnnkWmVdS6V2u4/AbgORTvqb4QrBLKXuLnG5JuqLqIFSAdv4EOLpuuSdzCgpwH8XTdck7mFRbI9qCcn0u4xr+uVXfOSm6a6Xn6Sr+uVXfuSi6zVyEJVJKBcnOB4OZT6SUERjMA5a58FxzrEV4HhGvaaUWYM2g/a6fgtrpKZ0x2WjbtysCAq8PoXTvDG+7G36x3WWxwwtN4426sTLBz/AOMjcEnu/hOJ73r4MKngcWgCzWDZYWurkjbCwzO4BX5tursG4LFr8QjhG0F/INqfUi7xGPLBqjWe4A/t0fFI8Qr2Rgm/uja7a5x5AsPFMZ1jrvNgNgG88gWr1lY6V13bB9Vu4JXTZJ3vBVX1jpn6zshsa3c0KwEAiuOCgVFCgDTt3AhxdN1yTuYVFOBDi6brkncwqLZHtQxyTS8/SVf1yq79yUEprpgfpKv65V989YuFYc6ofqjJgze7kHR0rO+WFvEX8Dwozu1nXETfrH+I8gW3uAADRk0ZCyMcTY2iNgs0CypcfyUqrTLdaxjhda1t43O1GOILnAZkD7PQm8+NwMYNQg2ya1u74rUXEnZsWNVVLWAkkZIS3wik9bFmDqvx6zTq5E799lqNfie0kk9G8pdXYkXkhqwCb7VXtzkP7V5Zennc83P4DcFS1UhVNQG4KwgSpdC64AboIFRA47jwHcXTdck7mFBTgN4tm65J3EKi1zwhjlWkNE+bFa5jB/zarWO5o9O7NbFRUrIGCNg6Sd5PKut+qNB6SSb/AEzfSTPdLK7Wku+RxJcduW0qr1Uoebt/VJ4pK6NMS02ckcVbefyXXvVKg5s39cnigdEKDmzf1yeKn+NX2T9NnEsQxBsY257gtVrax0rrk5bh4r0ZNwe4U83fRsJ/7JvMqPZvhHMWdpN5k89FoeIzk83tCqXo72cYRzJnaTeZT2c4RzJnaTeZF9JlDzkFVdei/ZzhHMmdpN5lPZ1hPMmdpN5kPRYDzqovRfs7wnmTO0m8yh4OsJ5kztJvMu9CgYec1Lr0X7OsJ5kztJvMj7OsJ5kztJvMu9Cg4I+Azi2brkncwordMGwWnoozDSRCKNzzK5oc513kAE+8eRo/JRVU4gn/2Q=="
10,Paddy:Leaf Blast,"Blast is caused by the fungus Magnaporthe oryzae. It can affect all above ground parts of a rice plant: leaf, collar, node, neck, parts of panicle, and sometimes leaf sheath.Blast can occur wherever blast spores are present.It occurs in areas with low soil moisture, frequent and prolonged periods of rain shower, and cool temperature in the daytime. In upland rice, large day-night temperature differences that cause dew formation on leaves and overall cooler temperatures favor the development of the disease.","To prevent leaf blast in paddy, several key strategies should be followed. Planting resistant varieties helps reduce susceptibility to the disease, while proper field sanitation, such as removing infected plant debris, minimizes fungal inoculum. Ensuring proper spacing between plants improves air circulation and reduces humidity, making it harder for the fungus to spread. Water management, including techniques like alternate wetting and drying (AWD), helps avoid stagnant water, which favors the pathogen. Balanced fertilization, avoiding excessive nitrogen, strengthens plant resistance. Fungicides like Tricyclazole can be applied when necessary, and crop rotation with non-host plants further helps reduce the pathogen. Timely planting, avoiding periods of high humidity, also reduces the risk of leaf blast.",https://encrypted-tbn0.gstatic.com/images?q=tbn:ANd9GcTyI5m5USF3y4G2STShkDpFp4h8AA8C4bflpvj5LLv0FGMoe77Z
14,Powdery Mildew,"White powdery spots can form on both upper and lower leaf surfaces, and quickly expand into large blotches.
Powdery mildew weakens the plant and the fruit ripens prematurely. Fewer and smaller fruit grow on infected plants.
In warm, dry conditions, new spores form and easily spread the disease.
Symptoms of powdery mildew first appear mid to late summer in Minnesota.
Provide good air movement around plants through proper spacing, staking of plants and weed control.
If susceptible varieties are growing in an area where powdery mildew has resulted in yield loss in the past, fungicide may be necessary.",Mow at the proper height and only mow when the grass is dry.,https://extension.umn.edu/sites/extension.umn.edu/files/styles/caption_medium/public/powdery-mildew-2.jpg?itok=Un68av52
15,Paddy:Root-Knot nematode,Infective second stage juvenile of M. graminicola penetrates through the root tips and takes about a minimum of 41 hours. Females develop within the root and eggs are laid in the cortex. Galls are formed in 72 hours. The juveniles or immatures remain in the maternal gall or migrate intercellularly through the aerenchymatous tissues of the cortex to new feeding sites within the same root.It is well adapted to flooded conditions and can survive in waterlogged soil as eggs in eggmasses or as juveniles for long periods. Numbers of M. graminicola decline rapidly after 4 months but some egg masses can remain viable for at least 14 months in waterlogged soil. M. graminicola can also survive in soil flooded to a depth of 1 m for at least 5 months. It cannot invade rice in flooded conditions but quickly invades when infested soils are drained. It can survive in roots of infected plants. It prefers soil moisture of 32%. It develops best in moisture of 20% to 30% and soil dryness at rice tillering and panicle initiation. Its population increases with the growth of susceptible rice plants.,"To prevent and manage these pests, several strategies can be employed. One effective method is using resistant rice varieties that are less susceptible to nematode damage. Additionally, soil solarization, where clear plastic sheets are used to trap heat and kill nematodes, can be beneficial, particularly in warm climates. Crop rotation with non-host crops and the addition of organic matter like compost or green manures help reduce nematode populations and improve soil health. In severe cases, nematicides or neem-based products can be used, though they should be applied cautiously to avoid harming beneficial organisms. Proper water management, including maintaining flooded conditions, can also help control nematode populations, as they thrive in moist environments. Regular soil testing for early nematode detection, biological control methods like nematode-trapping fungi, and maintaining field sanitation by cleaning tools and equipment further contribute to managing root-knot nematodes effectively. By integrating these approaches, farmers can minimize the impact of nematodes and ensure healthier rice crops.",https://entnemdept.ufl.edu/Creatures/NEMATODE/Figure_1_Rice_root_galls.jpg
16,,"Find them a sunny spot because they love and need lots of light. I prefer a spot where they receive the morning sun.
If you have them in pots and/or other containers, it is good to move them during the day to take advantage of changing sunlight.
They are thirsty plants. Water them daily, especially if they are producing fruit. It is best to do it in the morning and to avoid wetting the leaves for disease prevention.
Keep them guarded from extreme weather conditions and wind. Please note that even if they like sunlight, being exposed to direct midday sunlight can be damaging as well.
Check the pots for good drainage.
Keep weeds and unwanted plants in check.
You need to fertilize them because they need a lot of energy to produce strawberries. Buy a balanced fertilizer (10-10-10, 12-12-12, etc). Follow the directions because too much fertilizer can reduce the fruit yield and it may also stimulate runner production.","The heart-shaped silhouette of the strawberry is the first clue that this fruit is good for you. These potent little packages protect your heart, increase HDL (good) cholesterol, lower your blood pressure, and guard against cancer.

Packed with vitamins, fiber, and particularly high levels of antioxidants known as polyphenols, strawberries are a sodium-free, fat-free, cholesterol-free, low-calorie food. They are among the top 20 fruits in antioxidant capacity and are a good source of manganese and potassium. Just one serving -- about eight strawberries -- provides more vitamin C than an orange.",https://www.canr.msu.edu/uploads/images/7-12-11-MARK-plhstrw4.jpg
17, Early Blight,"Early blight is one of the most common tomato diseases, occurring nearly every season wherever tomatoes are grown.
It affects leaves, fruits and stems and can be severely yield limiting when susceptible cultivars are used and weather is favorable.
Severe defoliation can occur and result in sunscald on the fruit.
Early blight is common in both field and high tunnel tomato production in Minnesota.","Prune or stake plants to improve air circulation and reduce fungal problems.
Make sure to disinfect your pruning shears (one part bleach to 4 parts water) after each cut.
Keep the soil under plants clean and free of garden debris. Add a layer of organic compost to prevent the spores from splashing back up onto vegetation.
Drip irrigation and soaker hoses can be used to help keep the foliage dry.
For best control, apply copper-based fungicides early, two weeks before disease normally appears or when weather forecasts predict a long period of wet weather. Alternatively, begin treatment when disease first appears, and repeat every 7-10 days for as long as needed.
Containing copper and pyrethrins, Bonide® Garden Dust is a safe, one-step control for many insect attacks and fungal problems. For best results, cover both the tops and undersides of leaves with a thin uniform film or dust. Depending on foliage density, 10 oz will cover 625 sq ft. Repeat applications every 7-10 days, as needed.",https://extension.umn.edu/sites/extension.umn.edu/files/styles/large/public/early-blight-leaf-tomato.jpg?itok=woYQQlrF
18, Spider Mites | Two-Spotted Spider Mite,"The two-spotted spider mite is the most common mite species that attacks vegetable and fruit crops in New England. Spider mites can occur in tomato, eggplant, potato, vine crops such as melons, cucumbers, and other crops. Two-spotted spider mites are one of the most important pests of eggplant. They have up to 20 generations per year and are favored by excess nitrogen and dry and dusty conditions. Outbreaks are often caused by the use of broad-spectrum insecticides which interfere with the numerous natural enemies that help to manage mite populations. As with most pests, catching the problem early will mean easier control.","Avoid weedy fields and do not plant eggplant adjacent to legume forage crops.
Avoid early season, broad-spectrum insecticide applications for other pests.
Do not over-fertilize.
Overhead irrigation or prolonged periods of rain can help reduce populations.",https://entomology.ca.uky.edu/files/styles/panopoly_image_original/public/310a.jpg?itok=XNlP0H9H
19,Paddy:Brown_Spot,"Brown spot is a fungal disease that can infect both seedlings and mature plants. The
disease causes blight on seedlings, which are
grown from heavily infected seeds, and can
cause 10-58% seedling mortality.
The disease was considered to be the major
factor contributing to the “Great Bengal
Famine” in 1942 resulting to yield losses of
50% to 90% and caused the death of 2
million people.
Under Guyana conditions reduction in yield
can be as high as 45% in severe infection
and 12% in moderate infection.
Yield losses due to brown spot epidemic in
Bengal in 1942 was attributed to continuous
temperature of 20°C -30°C for two months,
unusually cloudy weather, and higher-thannormal temperature and rainfall at the time
of the flowering and the grain-filling stages. ","Brown spots on paddy can be caused by fungal diseases, pests, or poor agronomic practices. To prevent them, it’s important to manage disease, pests, and environmental factors effectively. First, identify the disease, such as rice blast or brown spot, and apply fungicides as needed, especially during the tillering stage. Practice crop rotation to avoid the buildup of pathogens. Proper irrigation is essential—avoid over-irrigating and maintain intermittent water levels to reduce fungal growth. Nutrient management is also key; use balanced fertilizers and ensure the plants get sufficient micronutrients to avoid weaknesses. Regular pest monitoring and appropriate insecticide use can help prevent pest-related damage, while improving field sanitation by removing plant debris and cleaning equipment can reduce pathogen spread. Additionally, choosing disease-resistant rice varieties, ensuring proper plant spacing for good air circulation, and performing regular field inspections to catch issues early can significantly reduce the occurrence of brown spots.",https://bugwoodcloud.org/images/768x512/5410645.jpg
20,Yellow Leaf Curl Virus,"Tomato yellow leaf curl virus is a species in the genus Begomovirus and family Geminiviridae. Tomato yellow leaf curl virus (TYLCV) infection induces severe symptoms on tomato plants and causes serious yield losses worldwide. TYLCV is persistently transmitted by the sweetpotato whitefly, Bemisia tabaci (Gennadius). Cultivars and hybrids with a single or few genes conferring resistance against TYLCV are often planted to mitigate TYLCV-induced losses. These resistant genotypes (cultivars or hybrids) are not immune to TYLCV. They typically develop systemic infection, display mild symptoms, and produce more marketable tomatoes than susceptible genotypes under TYLCV pressure.In several pathosystems, extensive use of resistant cultivars with single dominant resistance-conferring gene has led to intense selection pressure on the virus, development of highly virulent strains, and resistance breakdown.",Use only virus-and whitefly-free tomato and pepper transplants. Transplants should be treated with Capture (bifenthrin) or Venom (dinotefuran) for whitefly adults and Oberon for eggs and nymphs. Imidacloprid or thiamethoxam should be used in transplant houses at least seven days before shipping. Imidacloprid should be sprayed on the entire plant and below the leaves; eggs and flies are often found below the leaves. Spray every 14-21 days and rotate on a monthly basis with Abamectin so that the whiteflies do not build-up resistance to chemicals.,https://gd.eppo.int/media/data/taxon/T/TYLCV0/pics/1024x0/10609.jpg
21,Paddy:Sheath rot,"Sheath rot is caused by Sarocladium oryzae.The disease reduces grain yield by retarding or aborting panicle emergence, and producing unfilled seeds and sterile panicles. Sheath rot also reduces grain quality by causing panicles to rot and grains to become discolored.Sheath rot is present in most of the rice growing countries worldwide, particularly in rainfed rice ecosystems and is more prevalent during wet than dry seasons.Its incidence increases with increasing planting density and in plants that provide entry points for the fungus, in the form of injuries and wounds caused by insects such as stem borers at panicle initiation stage. The fungus tends to cause rotting of the uppermost leaf sheaths enclosing young panicles, which retards or aborts their emergence.","To prevent sheath rot in rice, several key practices should be followed. Planting resistant varieties helps reduce the risk, while proper field sanitation—such as removing and destroying infected plant debris—minimizes inoculum buildup. Avoiding over-fertilization, particularly excessive nitrogen, is crucial, as it can increase plant susceptibility to the disease. Proper water management, including ensuring good drainage and avoiding waterlogging, also helps prevent favorable conditions for the fungus. Crop rotation with non-host crops and timely harvesting to avoid over-ripening further reduce disease risks. In severe cases, fungicides like Carbendazim or Mancozeb can be applied following local guidelines. By combining these strategies, sheath rot can be effectively managed.","data:image/jpeg;base64,/9j/4AAQSkZJRgABAQAAAQABAAD/2wCEAAkGBxMTEhUTExMWFhMXGRcYGBgXGBcXFRcXFxgXGBUVFxUYHSggGBolHRUVITEhJSkrLi4uFx8zODMtNygtLisBCgoKDg0OGxAQGy0mICUtLS0rLS0tLS0tLS0tLS0tLS0tLS0tLS0tLS0tLS0tLS0tLS0tLS0tLS0tLTctNy03N//AABEIAMkA+wMBIgACEQEDEQH/xAAbAAADAQEBAQEAAAAAAAAAAAAEBQYDAgcBAP/EAD4QAAEDAgQEBQIEBQIEBwAAAAECAxEABAUSITEGIkFREzJhcYGRoUKxwdEUM1Lh8AcjYnKS8RUWJENTgsL/xAAaAQADAQEBAQAAAAAAAAAAAAACAwQBAAUG/8QAJhEAAgICAgICAgIDAAAAAAAAAAECEQMhEjEiQQRREzJhcSMzQv/aAAwDAQACEQMRAD8AZ4fzKiapbe2QgTuaVYTZhGpGtELuCo5U6k1885W9DYpQ7M7+6KjlRudKZYDhAbGZepNb4fYIQMyvN+Vfbi8k5U0xLibb7ZxiPMoJFT+MwDA70/WsISSo61OvXzaieprddmOqtmTB1oxSQRtQbataKSquvZKnRwEgAxS9A5xPejHZ2r8wgTrvWWNjFdsau2yFtFKkhST0NBW1s21qytTS9BAMp0GuZB3GkT7daMcXCRFL0ZiolOitYPr017UUMvFjYyQPimLKWsBbOR1OgcTok/UeXTYntX3ijB4Qh9pxPjggjJtMfgPr0rjG89xbBSQo3LaokebOJB07GCdaSYLfl5IbuB/sKVlXEoUgmYgHynzbbVTxT2w5UWlvfqvbXxEQFokqQR1gZkj6UseuZjSirFv+FuUrSVFDikpXsYCjCFkAdeafYURjeHZHoSOReo9Drp+VLnHmuT7RmRa0fLZ8Aadqf4IvMnbvU08yUb6CnuFOwlIpOJ8WBDb2CY6mFyKGS5OpphjaJiloaMUM3cgunRxboKlz2pm4rlANAleQfnRODJK1lRHKKZ/CM6dDjCmg0kq6mhlsh1WZQ0FE3WogVyFZE0zlri+jUgJSAk+gpXiGIKggbVpeulR9KU3qiBSkrdmz1E7s3eaetMnniBNL8NbiKMulmkS/YWno+OiRJpHeNZZIp6NRrQqmU7b0TlSFJWyfw985z2pt/Dg9KCumQhYgQKKDxoZbKMfitjl53Nyp3oq2aS2JO9DMpCRO5rm7ugE61r0Lcl7NH78EwK/WwgzQWHvZ1aJj8qOcSZrkmZt2xZxA8oggVNWKjm1qqxFnSkaGIUad6Bm/GxixvRClRQlsNa/YqopGlZQqKbVhZdBGm9AtJOel1tiKpgimNk9mVNC00a5McPDlFZWpitXtqFYbUToKW9jYnxQUlzxGyEriCOihpvHXQQfeh7xeZWdy2IV+JSAcq/U5QdfUjrVBb24/FFB4ti4ZgoPMDOmsj+k0+ORaTKItLs5awkZsilKyFOUEnmA1yqB6xJkH0pm7d50uMmEvMjP/AMJBmI9eQ0m4gWHSlxh0JOUkgjlVGwkEZTvrR+DLzlzPl8XIARIlQGYzI/BqYPfNVCpPihjr0T93iSnVpE6GPsYqusRlSPapF6xyvJIHKVaelWLLfKmo8uugeNSZziBmKWrQQZMxTN4a0JePACO9BDbtmNpbFa/9xeUdapbNnw0BNAYbZhPN1P2piAaf70LW3Z203JntSrHbwghKdzTd1zKk9Kl3HQtzMo7Uc3xjXs1ySO0k5STvQFxzECaZG5TMSKCurxI/DFTp2tAzdo6tTGlEOmaXW+ICdqLDwVrWV9i09G42oZxGTU1spWlAvlS9K6XQENswv3gogV0hvTesV2XNmWYH+daJF4gaAit4sooLeuMozKNL0Ph4xFa49bynfXtWGAnKTPSs40IcdlBbMhCe1FpAyzS9T8iTRqXOT4o4sdaSoW3jgIik6hrTK4HoaXEa0TbJp2asqhQ96Z4i0NOtK0pEiTT+7fTlBSJ+4rX0NwLx2SV6gA+Wi8Ga1rq4ZcdV0A+lGYbZqRpE+1DKegJpXoPKZr47chtO2tEizVG8e9B3S2EaOOJJ7f2pMYNsOKaQpXiqlE6kAUDeQeZRoy8umCOUgeulBJZbV/7vx+1P4pdgym+hlgDrMhISQSdCry5v6dRp6fNUYKEKAygCCDI50BWnKYmN9yKkra5Zt1pJIU2TlWD2Mc+nbX609s3vGcIGYJkQVCCW1GFBII10Bn3py3C12U4utny5QcoVvlMnr17+0U1YcIAPpQ/ECAhhYbASIERt5tfmuMLcK2kk7jQ/H9qn+RCtjZuzrErrJrNAWLheXPQUbesoWcqga1t2ENiEfelQ6ET7C2x66Vsu4CBWDSSBQt1dKGiUj5p0HxNQqvbp15cJCgn1rly1gQN6ODqyoJjf6VrimHrQ3mTqfSiW9nOkAsWiUiVnWkmLuawNhWryHlb/AHNcDD1EakT70u1YmUm9C7xSDTW1d2rBGFqzSoiKZqDSRuPtWtoDg6CWyCNa/XL6EDl1NDIukDrXByDm1NdX2Fj0IcSdcWvWY7Vo0dBy/Y0bc4klJlKZpcviVwHyij4m2vsePYUtR/mQK1tsOPlEn2FUikto5lQaDexSdEJArnxGON9gi0IaASo6+tNLW4YCdTNILthazKtTWCrZexcAHYb0Fr0BySZRXmMthJCEfURUw47mXMVm60lI8xJrlk7Gi5WhE5XIY2qMygPC/wDtTm58NtMqMRWNkhWTXWusVWA0VKBJisbssjHjBi674kt2vKgqPoKC/wDPo/8AgIHtSx90qPK3v3o23w4rTzRQ+P0Sfll6DWeIfH2SaEvbhKTq0Fe+9FW1mlvYCkGNXkLoo16N5v7NLl1KtQyKYWd40kasiaWW94AnWuc+ZU9PSikkDzfoduYqyUkFqJESNx7HpT7AL1Nw1zuJUvY7Az6joToPiptWHFxEBMVyllFo2c4CsypGwUDpsrcdNNq3DNK0U45S9jUX2ZxbSjyhUDtGUabmTM0Tgaw04Wz5V6p/5t4+goTCLRteZ46uJypJmdVHVU98qgPYCvvhlKiudAZM9NY0rZ2lZcq4lFdu5egoNrUya5ubjPBGxg1xdXIbTtrU72QSlcjW8vihOmtKzixG416UHd3BUdVBIrBFvnMhU0XFvs6Top8FfUs5iABSzjTGFiEpMD0pnbL8NrWKmsRR4pM71ylRrmlESIdcWCfEVWWGvOl3ICVE9ya2v3PCQR1qk/03wuQX1jeYnoOlPjFSEJOUjt61U2gFzekDgJXr12qr4nUt9YaaHN36D3od6yasm5dOd5Ww3M/oK6KT/oflTFLqQhO0TW8ktkgbChnF55Wfp0FdpuNCB2pc9CsdexKFTM0vcZVJ0o95Jz0clGnlP0ruQNG13jL2ytKBViTiSAF7musRdE5SRXFjgqFqC82g6TRNKjeRROX+VnMoyYqYRxGATKDvVHcNpCAmgGrFs/hFDFqtgTnyYMnEw75RFOcLtgo67DelJZAXlTA1p8XChuAIJgTWNozGt2zq8xEzCDEaVs5cnwSTqY/SlScqPMY1rR67StlQSf8AIoKbKITlKxI1fZ3Mp2mqllIgRUbgNorxFFWutWjUQK7IuhElQJiNyEjcVB4q8VO6bVQ8RWPiKhJM6Vph2DIbGZWp9abGSSBjFsX24S2kFVG4fiTZIlNfrsMrME7dKwK0JICQDXfsbWynuHyEyNqWLLa0lL6c6FRJHnbjWRrqNdddhRTb0o1iKGN20kxPwO/aOopON8d0PbSoLZv0WzhTOZt3ww2tHkKlKCIVHkUNB9KzxW5cbOZScyZjTt87mftQuBMIcU/bqgJCkuBOxTkyuIUO3OmnGKYdKPESTJGqTMSNJA67Va4l2KTO8FuEuIkHb7Trt9qwvnFKPtSXALsNvFuYzBWn/HM/kDTt3Wajn4zIs64yIbF7hZcyj1qn4Ys1BMqPahzapLm1UdonKIo5zTWhSZ3itwEoiRU4q9E6a184lRnVouIG1T2GqcDoRBOY0MMerOmm6KBvCf4pYSRpIn4r0S0tA20GkxoAKBwxkNoSAOaPvWmK4slhomZWdvWnR3plKXGJ8fuG7aerivkzXn3Ey1F0OKOpn49KztsecXcZ3BJ+w9hXHFl34mVSehNMW1SAm20btPckCtbLDnXJVOkUuwh+QANatMOd8NMGp8klGVMDBHWyeadSzOdMqr9/HFWoAAPSad4lYtugn0qaNs2NM21ZaGcDDEbFKlk5qKw9oCAkyaExRlSQQvQ+g60+wSxTb26nliVKB36aafrTFsSsdyFmIXCwQlImmNg0QmVaUisHFuuKcUeWdPYU5W8SNNEil5G1pA15HxQSFSN5qgvUA2oXOoj8jUs06VHXYVWYW34lsR3kVlfYWNpujzbF8WUSBFHcOZilWo9utL75pLailyOUmi8HC23UhTbiEyPMhaQRPQka/FUcU46NVJ0MrG5UlzKU6GnwWI3rO8sEyFqkAGSUwVR/k1jdMFSCWF59PKRDg+Nj8UqUHLoycWY3l0lAnrQtrel6U7CkVy66mStJ69NdPSgbDGcq8xJg9KOOGkLaY7u3mWFGTJrltTSgVgwaX4nluFJM5Un8e8SNDHXtp3pFbOOIWW1CFAlKkncFOhFM/Ha7N3RVWylL/EctFOkIHSfXeuLJEJFEosC4tMnlFTsVHbCM6IQ8tJQtIjOD6noeVQgxr8a1UtsFbJzkFSYIImCkgERPv9Zqfx21CmkoHLCm4JPKrnTmHuBJqotmilstqIMtyFJmDrpofQR8VRHyVnqYm6VEfi1nlWl1IiFJPtIj9abuKoG6dKcyVjWNPWNj9K1s3MzYM+nyN6RmV0xfylWzu3Y5iaPVtvFYsUhx7GsvKnf0pUYcpEoBjV4yyTqVKNOeDnA5/uFIB6VFW2EvXLoJCgkkSSK9PwSzSygDY0/I4xjQzE97KBlaUpk7mlOKWgWc51/vWeIrUsQlUV2FcmVRnTelKaqh/OLtMn7jDEZzrAoTEbBqAM1UH/h7c+Wa7cQ0jzJSn3/vRKbS0LUo0TuD4elJkTTa9Cyk5Uk0Z/FoHaPQVk5iiU9CaRPzkZy+hXg9k+JzgwfWjzhif6RWd1xAlCTpPzSRXEjhOiTFNpnKTGmF3KLlYmDBE0VxKoKT4YPL1pbh1wlprkTBO5NbW9sXTKjA70M5b0Y5NukC2ttoNIQPvXV6uEQNKor/AANwNhTZCgBt1qIu7lRKkkERuDvRqD7YudrQZhaATqqB7E/kKtMKdbCcreYkb6AfmoVC4doJmnWCYjzKEgeqjt67j8xWtejPjsw4twNpxReUVo6ZSgEKJ1MKCiNI+9D4VxA4yoAPPkdipJH0OaKo3LBLjRUolxR1kqBifwgDQD2H1qcdtk68kR1piy8fFFNfRR/+OuuIhVu0sHQlSssj2Sml7GXMeQoE6BCgrKO4kg7zS9q6IIR0piygA++9ZLJezmxm3dHIW3HEPtH8Lqcqk+kq0I+fmpLF+DmXwpyyVlUDq0TnbJ2IQseT2VI3AMRVUi2SsCDtSrEsCWk+K2tSFd0EpPzBg02Ga+xnBNCXDMLcSjwnWwlY6GNfpofijF4ExcK8XOGrkiFNnyKy/iH4pJO+pNdXGMXicqXFBxI6qQkqHbmAHSmctKSSoBIIPlJUPcgiQR3Hc6UMpq9CpY0tMSLtFJUEEQYnpBHcEaEeop1ZMZUzEnr6e/b3rhLS4LTozJBAbdGpaP8AS4Rrk232g0xYUWXAFkDQDMIKNf6tOZPf5pc4LTE/h4sDvLfOmJywpKs3bIQrX0MRVFbmSkykpyAD/mmSfaJpO++nOpJyBZEZAokKB0MEgQY/Cdt+tZYA0+lZaUj/AGkypLgI0B1yGeoJO06RTsdxuJRhTTpiniZpwPKjykx8R0rLAmYBRPlVoPeTTjG0EL16gkH52mppnEg1cHNspJ+DIpbbdorzwTxljASMooQ2jQMkJn1ilyMXK0kp279akVpdceIClET3MUhYm3tnlSkj0Fi9anKlQnsKMWtKQSdaTYJhobSCdzTO8snHElKYEjcmg/6oOCb6Je+4pd8UNspEkgAn71Z3ByWuZ2MxGp21NSvDvDoRdZnXASDIE1S8U31nAQ6uf+FP9qtjjikUQio/seZX2LONugocUSdTJ06dKf29yX0jOdqXX2PW4XlaYASNMytT9K5w27zq20+grZpUB4oomWyRCdYoDF7woESJ9Ko8NtfCtluKHSftUVc2xXzQZJ0FJWKK2Y4xfsFtvGedDaRoYk16DaYMylCUqGoGtBcNYWGG/EUOY7Vu9cEqOtIy5bfiOVIX2ltnUJ0SN+1c3l9mUEI0SO1I+IOJMh8JBjuRRWDOZhmPajUGlyZFKXHSKXDsdcZIHmR1B6U0xPCWb5GdvKlyNxua87u8SbCtzO1aWmMOMnOhRGu24NUxbrfQzmuO9jW4wZ5gELEAfi6GhcOBUfDyBfiGNdABqZn4A+at8A4iau28jgAV1B6+tBYthotlpU0pQQqcwTuBI2/aulD2hmKEVtBNkkJEQEyBoNBPWKheLc7C1QswrWJq4WIURMkaT3I3pbxBhbTsKWJqWEqnsXy3sksHeU5BJ1qlW9lTJpcixDStNqxvMROcJTqCPjailt6B7ehnbKE5wv6GjDieZKkyZAqf/gjIWhWWdwO/URTNDoSAdjEUVLRfBpIi8Txt9LikK0AOkin+AX4dbyrIn9amOLXyXZPWs8OVsJiaolBcdEmfb7LywLja/GSsxAQvqCROUqSd80n6U1vbpC0EhvI53TASr3nT41NLcBX4aRJlKtFdZT/k0RxCx4bZUjyxpGwnt6VMp1LiDGTfRlZqS6rM0T47MEoUAQ43+NInWSkqA3nQbUxwvGWzmI01UI1kaGR1iDI+KiOF7kBRUVQQsZTuQokBPruRoKqcXYaGR1A8NbqkgqSObPORU9wQkkj1NUqVKiuGw3iJ4KbQsTGgnp5ST9xXnlyCp0KIMf5rXotywV20TJCldN4UevxUs8zJQdu9Ymh7Vxo6aRkRl9pNH2CGkDMSmffWkyitSdEk+1CtYO+rXLHuaTOK9s8eaqypu8UbSnlWPasrziVDjWQJVn7gxUriOFraTmURSzCG3HH0BIMSJ7RWwxpK7HYZPot8BwG4IU5lJmYkmalMZUsPqC9CnQ9e1e1YatCGQlRA09t6huJuFgFLfEuJOpH7UyLT2UTi2tHm9wqVVRcJs+I6EDWanMSeClkJTlg16N/pVhupdPsPrTJ1RPGFuir4uQG7QpH9JH2qd4dtJTnUJjbtVNj7Ye5OmoNLX3A2jImBFQ/IyW+MR84pPkzK/ucxyjQelAF1I33oXE79LSConp81GuYi6slQOh23oIYW+iWVy2AX1osPKz1UYS6Etn2P/aqTGsDbugfwO9D396nk4Y6wClwaH8XSqfzRyKjJwronLy6ClQdNaa4agGEgzNIMWSrPIGk/WmeEvEFJ21FPcfHQK20OLkG3VykzE1Q4ZxA+/aJURzIWTMwDlKkgHQ6EGZ9PWl3ELAU0FkT+mh1r9gji1sNpACGkQDG6jBEq99TQKXiylQ4WyoDkqnqTrQnEDmRrN2rtBGWu71rxWlIiZGlQe1YhbdEkrFC4dNiI0oG3xANuKChmB2pddtqtncuxB1Sr9K5xB2YVImruCDSoaXuJqHMkwO1fX8eSWxzDMO4+xPWkDilLTA1pUUSohSvimRxpseptaKxNym4EKaST0NKXcIf8UAJOWd40prgTBywiJ7nX7U/Yw5ehW+ZHSIFLc3CVIF1JWEoTkSlPpTaxPiNqaXOUyAen9iN/mk7i9fTvQN9drZUl1tUKG4H40zqkzptMe9T8eap9iMX7UIUtFp1xspPMYPcToD9IM1a4ffB9lNss5bhJhK8sgx5Sr4hPvrS3Gw3ct/xbGi0EBQOh0iQpPTf6UBw1dBVykqHPOgOmmXUj7mqoTb0+x8JNSot8GvMjakuCChSkqPTMJBIPWTUzePDmzbyqPrVDg7KkvPoXzAklM9QqFT9/mpbGgOeN0LIjrEkD8qxupHowSaDOH9UnuNfrTlw9KScOIKnCOmWf+kgfrTu9ZhBKTPz2qXMvI8rLB83RF8WXeZQRTvgy0EZo+1SK2VOP80jUd69MwOyDSAB70WXxgkjsUNhOLtN5JcVCe01H3+LLVKWFktjQgnp70p/1HxR0ueGFcnUA0Bw5mKcoPenY48YJlTnVn5eEqeWVNCVdRXrXCNiWbcA7wPrXmvD9u8LmEyAdzXqql5G9TS/kZWLhXYNdvZQSetT1y9uSaaX70oqLxXEJUETHeKnxR5uxeW5SoVcR3YXInQUJa2zhSCFCKFxx9OYJR8mtbfF1pSAOnpXpxjxXRlpdHrEA6ivylhacrgkVGYLxCoKhXlO/pVikBQkV5E8coO2cp2Q/E3CjyVFbPOjeBuKV4UwtUpUCFdoiIr09pwp06UsxW6aSqFIGv4gKrx/JbVMzjHsztCPByK1IA+1Z20A7R2rK2aSmVJXIPSs13AT6ClJ7Oy7Wh00remOGuwofFJLdwGmFqvtXNU0IhKpBnG3CSLtsqQIdA5T67xXlD9mtGZtaMq0/5NewcN8SoeK2lGHEmCKy4v4dD6CtEBwDQ/vV1l3FPZ4zh6ihU9K+3qmVrAywqelZX9qttakrMKB+K+sISSD1oqrYEpVZX4I3kKQDVJilwtIHKCn71NW/kSe1P727BZEdqkn+wOKX+NoVoVWd2206oIVOY9jFcNuQZpFitwytweGVJdHXajhGxeP9rK7DkptlZHM7jKgQc34QQRoeo96UXuEBh9D7Cg6wFJOiudvNpDg/pBO49J61vh761Jh1RPqf3o3+JZ1AQA7BAWgDKuUlBCkxymCRI3j1NHGSspTU3/Q8w+4LtwrecsdNiAoQdlAiprH7L/1C0DQEpProNfuaZ8INKQEq8QrJSqRA5AhfhhKepAgCieLW4dQ53BT+R/8AzRPssg9E65nQ4mOUq29QddftWdxxGAfDUlI3GYH967xm7JDSidoj0061L4rYOKWTKOuxmhlGMnbJM7cZWPbR8l0K3RO+9Wbt6EMlYOgB9KQcP4QUMwoamg7x1xQNvGh69huSanlxcqQqD3ZE3a3Lp9WWTKvgVVYNgymRnKv2r4oM2yMjaZUd1dSd/pTHB1qcTlP+a07JNtUugk/Ftj7A7cTmjetcexL/AHENp36/aiLJOUwOgqZuXCu8kjQfvU1cmA5VFIp1WXioKcwSa88xfBnLcrLhnsR19PSqbH7pSUJKFEH0pZfYyVhLLgBUrST66U7AqQxca/kh2EyolWnvW6lomm+O8OPNpDmUFPp0Hep8tn+mrk7EODQyVKTI2r0bh27C2xrU3e4IFczZ07H9Kwwp9Vq4AqcqiN/pUOSprQqMi+cT1G1TfFaIANPEvgpkHpS3GmFOsk5dR296mxRalYblqiXavSKNdxeEc7edHWBqKSL0OtPeGXgVlJ1BGoNVTSSujITrQyw24SoBSRynb2ppbqhVB3LaUKhAAEbDau7dzWly3sU3ciJ4hect78ONEhXKdPxQTXrXDHEAuGxm0X1B615pxywrMlxI2H60owXFnW1hwkwCCR9qrh5QLMEvs9P4u4YbcV4xRJG4H5155epbQsJSI+K9dwLEkvtAyDIqC4+4fKHUvJEgnX0mgX8jcqfHQADKI9KCsb1UKSdtqJC+SBvFT9g0/wCIrkVlnsa1JOyCLdNFC47CCfeluCWSVuFR1Iot9tXhkZTPtXOCW+RJUdDWqkqCjLjoPvlFMJyqA9ulcWGMobUEFIEKBlQ0KSQFA9gASr3FAr4ge8TKFGPtRdniSlKhaEq+P3oV4joNRKbCrlSL7wikeGpClNLBJStKyFyPXWmnF1krwkrEqSlUkekGplp0NrZSkjKFlQT/AEZgrMADtKlT1q7Vd5k5TrMAj4/tR2mXY26PLsYWkiE7CkPDtmXX4k8p/wC1V/E2GAKV4ZgnX0/zWs+GG0hAWlLeb8U+aseSoNgfIhZROv5AEjWBU3eKU66UgwndRGh9qpQ0lQmDHoawtuHm5KkLMmSc59Kji0nYlQbRFlHiPQmYQYHv1/M1aYVbQmToaC/gEpdJSAAN4OhNHJdkT0rpz5OkDOSoMU7lSVdKlMOxJLriikbEie+tO8cdIZIG5j8qleG7ctJJX1pmJLi7Ey6KHEwCgVJcSXiBljzd+2tOLx1akyRoNqhcUJK5Vsab8fHsKLZY4Nxqrwy06jODInfegnMCCyVgkBWsSdK14Us/FERAHU04dslAkBwQKY2l0G52dsuxzIMjt+1a3LKH05TIPQ9QakWMRWys/wBPUVRWdylwZkGFUiUXEjehlhNs42hSVKCh0NNLR2GzEUqYu/wq/saPtYEx16UqUfYXIRY7YlXNk1Pal2FtraeGZJHv+9WFisKdyESKNxZlpUJJBIOg61ym6ocoJqxTiB61kwuSKLvkAJExS5JhXpXR62IkqZ84hYC0aidK8/vHCJTsB0969WbQlWh2qJ4u4ZckuIKSntTvj5EpcWNg9Bf+mnEWRwMrOhmCT8/vXqOKJaW0Q5sRoa8LwfAXSsGCCNZGv5V6NhN0txPhumcogdNvSm5pRiULJUaYCjDwlR6idPbpRAQB1j3oq6SUiQNqCxK2Dzeg1ifmp+V+yVqmGNpHYGvqmEkQUivP7F14LKcygR0mmL+PrAIBIWO+orHhnemcUpwdiZLevpXy4tWgIEI9gJ+9TGF8UulWR2IPUCtsbtyYUHCZ2Ak134pxfkwtpGyilCiTJIUmDOpGYCD3HX4r0u3YBBKdDAmfbcV5Gjhy5cAUBl2MqMfavVcFJXboUoyUo8MkdSiEqP1TT6SRZ8adqmTXE0CDrOvtS7h4DwVpgEhcjuPmj+JUkJRrI1SdNekT9DSzh45VvCdeU/HNtSZfoyj5P+uzTI6tYgFLc7gn8qpbVLbqS2FKWvuDBpLcpXuiPY0vs1qadCiopX6bUKpojhNeigurdpKSjMUr7Hc1i0iIFBXGOlLkXLcoOzkfTWmrbSVALbVKT2NC4tC8zv0DYqyVtwDFT1s2o6KOgp1j6zlSBp80AyB0o10A+gLFL0NjYH3pAq0NwsEgBPamWOYc44RlIimGG2oZRqOb1qiD4xO5vjR8ub9FszCNDGlIm8VeUM3eu8aw111WeOX3qnwXApYQSBMH8zWrhHtmqLZM402laUvI1/qpXZ3xbOZJ+KsLL+Sr/OlKDTYLTiLYxw/F0OASYNNra4I9RSOw8w/zpVQxtU+TGovQDR2w4JkET3r462TKjB9a2ttqLHlNK4nRbEzpBTqaHQZFNLvyViztWqJzRrbq27UcpsERuk6VxbbCmDPWkzjsOK+iVewgoVmZWUiZPUCjGbpJEEEqG6gND8janK/KqgcK8i/f9aNR5LZRDemNEtpW2MplcCZpI0ytKlSNJ3+ulP8ADNqye3PuaxxR2WCIbFrQIKnUxrUozZqfcJkR3r0bH/5aqSYH5D8/lVWDUbEraJ5GHthaRmJUD8VV3V4hhoEhJ2maDtP5lG8R/wApNHKPJqwOxUviR18ZGShBOgBOp9qqeBHHWUqZuZBmQddc5KzUhg389v3/AEr06/8AP/0/lXTgo9F2BLsy4iw7MjN1ET9DrUFhS/8AfVAjQfUTIP1r1e98h9x+tedWX89Xur9KXKOmNyyf4mFFUiD1kevvPepHELp63dAWoFudJEkj3q7G/wAn8hU/xX+D3pWCK50/Z5kdMGv0fxLUtOA5R5DvpSTBcbdt1xPLqCk7VR8LeZXsaW3v8xXufzqlY0m4lEnasrrK5ZuUpVAKuoJ2rS8tmk6lsgd0/tS/hPzfFVL/AJTSJ40AnTJZvDGFHMl2PRUileOcOPvfynWyPRVO8S8g9jQmB/rXRTirscoxbpolWMMvmlBGVRTI18wr1DDmIaQDMxrtWw8o9/2owVmR2Nqj/9k="
22,Paddy:Bacterial Blight,"Bacterial blight is caused by Xanthomonas oryzae pv. oryzae. It causes wilting of seedlings and yellowing and drying of leaves.The disease is most likely to develop in areas that have weeds and stubbles of infected plants. It can occur in both tropical and temperate environments, particularly in irrigated and rainfed lowland areas. In general, the disease favors temperatures at 25?34°C, with relative humidity above 70%.It is commonly observed when strong winds and continuous heavy rains occur, allowing the disease-causing bacteria to easily spread through ooze droplets on lesions of infected plants.Bacterial blight can be severe in susceptible rice varieties under high nitrogen fertilization."," Preventing paddy bacterial blight involves selecting resistant rice varieties suited to the region's tropical climate and using practices like alternate wetting and drying (AWD) irrigation to avoid constant flooding, which promotes bacterial growth. Crop rotation with non-rice crops, proper field sanitation, and early disease detection are essential. Local farmers can also benefit from using biological control agents like Bacillus subtilis, which can help suppress bacterial populations. Engaging with local agricultural experts and utilizing indigenous knowledge ensures tailored, effective management strategies in Pará’s unique environment.",https://encrypted-tbn0.gstatic.com/images?q=tbn:ANd9GcQDyBVf4gqccKEa6ALx4GsLe61m3jIByMwZ3A&s
23,Paddy:Sheath Blight,Rice sheath blight is one of the most economically significant rice diseases worldwide. This disease causes significant grain yield and quality losses. Yield losses of up to 50% have been reported under most conducive environments. ,"Irrigate deeply, but infrequently.
Avoid using post-emergent weed killers on the lawn while the disease is active.
Avoid medium to high nitrogen fertilizer levels.
Improve air circulation and light level on lawn.
Mow at the proper height and only mow when the grass is dry.",https://s3-ap-south-1.amazonaws.com/aeros-production/advisory/3a15e309-6a88-4ce3-ac4d-a96baa6dd81c.jpg
24,Paddy:Root-Knot nematode,Infective second stage juvenile of M. graminicola penetrates through the root tips and takes about a minimum of 41 hours. Females develop within the root and eggs are laid in the cortex. Galls are formed in 72 hours. The juveniles or immatures remain in the maternal gall or migrate intercellularly through the aerenchymatous tissues of the cortex to new feeding sites within the same root.It is well adapted to flooded conditions and can survive in waterlogged soil as eggs in eggmasses or as juveniles for long periods. Numbers of M. graminicola decline rapidly after 4 months but some egg masses can remain viable for at least 14 months in waterlogged soil. M. graminicola can also survive in soil flooded to a depth of 1 m for at least 5 months. It cannot invade rice in flooded conditions but quickly invades when infested soils are drained. It can survive in roots of infected plants. It prefers soil moisture of 32%. It develops best in moisture of 20% to 30% and soil dryness at rice tillering and panicle initiation. Its population increases with the growth of susceptible rice plants.,"To prevent and manage these pests, several strategies can be employed. One effective method is using resistant rice varieties that are less susceptible to nematode damage. Additionally, soil solarization, where clear plastic sheets are used to trap heat and kill nematodes, can be beneficial, particularly in warm climates. Crop rotation with non-host crops and the addition of organic matter like compost or green manures help reduce nematode populations and improve soil health. In severe cases, nematicides or neem-based products can be used, though they should be applied cautiously to avoid harming beneficial organisms. Proper water management, including maintaining flooded conditions, can also help control nematode populations, as they thrive in moist environments. Regular soil testing for early nematode detection, biological control methods like nematode-trapping fungi, and maintaining field sanitation by cleaning tools and equipment further contribute to managing root-knot nematodes effectively. By integrating these approaches, farmers can minimize the impact of nematodes and ensure healthier rice crops.",https://entnemdept.ufl.edu/Creatures/NEMATODE/Figure_1_Rice_root_galls.jpg
25,Paddy:Hispa,"Rice hispa scrapes the upper surface of leaf blades leaving only the lower epidermis.It also tunnels through the leaf tissues. When damage is severe, plants become less vigorous.The presence of grassy weeds in and near rice fields as alternate hosts harbor and encourage the pest to develop. Heavily fertilized field also encourages the damage.Heavy rains, especially in premonsoon or earliest monsoon periods, followed by abnormally low precipitation, minimum day-night temperature differential for a number of days, and high RH are favorable for the insect’s abundance.","A cultural control method that is recommended for the rice hispa is to avoid over fertilizing the field. Close plant spacing results in greater leaf densities that can tolerate higher hispa numbers. To prevent egg laying of the pests, the shoot tips can be cut. Clipping and burying shoots in the mud can reduce grub populations by 75?92%.Among the biological control agents, there are small wasps that attack the eggs and larvae. A reduviid bug eats upon the adults. There are three fungal pathogens that attack the adults.","data:image/jpeg;base64,/9j/4AAQSkZJRgABAQAAAQABAAD/2wCEAAkGBxAQDxANDg8ODw8QEQ8NDQ8ODxANDg4OFREWFhUSExUYKDQgGBolJxMVITEtMSlDNy46Fys2P0swOCk8LisBCgoKDg0OFRAQGCsZHx4rNy0uKy0rKystKystOCsrNystLS0uKy0rNystKysrNy0tKystLTcrKysrKystKysrN//AABEIAFwAdAMBIgACEQEDEQH/xAAcAAACAQUBAAAAAAAAAAAAAAABBQACAwQGBwj/xABBEAABAwICBAoGCAUFAAAAAAABAAIDBBEFIQYSMUEHNVFUYXSTs9HSExYXInGUJTJCYoGRkrFSVaGy8BQjRHOD/8QAGAEAAwEBAAAAAAAAAAAAAAAAAQIDBAD/xAAiEQADAQABAwQDAAAAAAAAAAAAAQIRMQMSIRMyQVEUInH/2gAMAwEAAhEDEQA/AEmlOklcyvrWMrq1jGVVS1jGVMzWta2ZwDWgGwA2JYNKMR/mFd83P4oaYcZV/XKrv3JWAsdU9CNxpPiP8wrvmp/FVDSfEOf13zU3ilACqCXuYRsNJ8Q5/XfNTeKPrPiHP675qbxSi6l13cxhv6z4hz+u+an8VBpPiHP675qbxSgFG6Hc/s7Bx6zYhz+u+am8UfWev5/XfNTeKT3T/BcIvaWYZbWMP7lDuf2LTSQzwevxB1pZa6u1NrWmqm97457Ezmx6q51Uj/2kz/qsConAFhs/dYhdfM7NwU3bfyZXTbGYxyr+saupA3f78virMmkFYTlV1Q+E8nig3C5XxmXY0ZhpyJHKkmIVIjaQD72xFdzfIWqWHYODOukmpJXyyySubUPZrSPdIQBHGbAndn/VRL+BPPDpidprJL9jCgt0rwiqTOSaXj6Sr+uVXfuSsBNtLuMa/rlV3zkpCzVyOFQKKBLyEiBKKCIxLo3VJK2PA8I1bTTDPaxh3feKD8C1SlBwTCLWmmHSxh/ucms9QPDlKkkhcbNub7BvKaYfhOx7xd3TsHwU1tkVL6j0VwYbJIdZ3ujcCnVHhjGHWcNYjZfZ+Sz9W3w2KmqrGxtuSAT+NlddLFrLqZQv0grvR07zfN51GjkC5xUSaxJKeaTYp6Qhg+q25aDtz+0Vr10Ka+BH5enbeBLi6brcncwqIcCPF03XJO5hUWifagnJ9LuMa7rlV3zkpTbS7jGv65Vd85KVnrlhAVAgpdAIUHFAlPtH8K2VEoyGbGnYfvHoXbgKrtWleA4Ra08w+8xp3feKeNY6VwYwG3+ZlXoKZ85yyYDcnlTiGAN91mTQLX3k8qRJ0yUy7espw/D2R5k3d9orMdUAZNF/grDyLZm37lW/TkCw1R071qmElpbfhEq6mwLj7tlreMYg1jNYnWcdgO87vwVzG6tjWl73ONjkAcnnkWmVdS6V2u4/AbgORTvqb4QrBLKXuLnG5JuqLqIFSAdv4EOLpuuSdzCgpwH8XTdck7mFRbI9qCcn0u4xr+uVXfOSm6a6Xn6Sr+uVXfuSi6zVyEJVJKBcnOB4OZT6SUERjMA5a58FxzrEV4HhGvaaUWYM2g/a6fgtrpKZ0x2WjbtysCAq8PoXTvDG+7G36x3WWxwwtN4426sTLBz/AOMjcEnu/hOJ73r4MKngcWgCzWDZYWurkjbCwzO4BX5tursG4LFr8QjhG0F/INqfUi7xGPLBqjWe4A/t0fFI8Qr2Rgm/uja7a5x5AsPFMZ1jrvNgNgG88gWr1lY6V13bB9Vu4JXTZJ3vBVX1jpn6zshsa3c0KwEAiuOCgVFCgDTt3AhxdN1yTuYVFOBDi6brkncwqLZHtQxyTS8/SVf1yq79yUEprpgfpKv65V989YuFYc6ofqjJgze7kHR0rO+WFvEX8Dwozu1nXETfrH+I8gW3uAADRk0ZCyMcTY2iNgs0CypcfyUqrTLdaxjhda1t43O1GOILnAZkD7PQm8+NwMYNQg2ya1u74rUXEnZsWNVVLWAkkZIS3wik9bFmDqvx6zTq5E799lqNfie0kk9G8pdXYkXkhqwCb7VXtzkP7V5Zennc83P4DcFS1UhVNQG4KwgSpdC64AboIFRA47jwHcXTdck7mFBTgN4tm65J3EKi1zwhjlWkNE+bFa5jB/zarWO5o9O7NbFRUrIGCNg6Sd5PKut+qNB6SSb/AEzfSTPdLK7Wku+RxJcduW0qr1Uoebt/VJ4pK6NMS02ckcVbefyXXvVKg5s39cnigdEKDmzf1yeKn+NX2T9NnEsQxBsY257gtVrax0rrk5bh4r0ZNwe4U83fRsJ/7JvMqPZvhHMWdpN5k89FoeIzk83tCqXo72cYRzJnaTeZT2c4RzJnaTeZF9JlDzkFVdei/ZzhHMmdpN5lPZ1hPMmdpN5kPRYDzqovRfs7wnmTO0m8yh4OsJ5kztJvMu9CgYec1Lr0X7OsJ5kztJvMj7OsJ5kztJvMu9Cg4I+Azi2brkncwordMGwWnoozDSRCKNzzK5oc513kAE+8eRo/JRVU4gn/2Q=="
26,Paddy:False smut,"False smut causes chalkiness of grains which leads to reduction in grain weight. It also reduces seed germination.The disease can occur in areas with high relative humidity (>90%) and temperature ranging from 25?35 ºC. Rain, high humidity, and soils with high nitrogen content also favors disease development. Wind can spread the fungal spores from plant to plant.False smut is visible only after panicle exsertion. It can infect the plant during flowering stage.","To prevent false smut in paddy, several effective strategies should be implemented. Using resistant rice varieties can significantly reduce the risk of infection. Proper field sanitation, such as removing and destroying infected plant debris after harvest, helps limit the spread of the pathogen. Timely planting during less humid periods, along with balanced fertilization (especially avoiding excessive nitrogen), can prevent conditions that promote fungal growth. Water management practices like alternate wetting and drying (AWD) help reduce humidity in the field. If necessary, fungicides like Tricyclazole or Carbendazim can be applied during flowering to protect the crop. Additionally, rotating rice with non-host crops can break the disease cycle and minimize the pathogen’s buildup. Combining these practices helps control false smut and protects rice yield and quality.",https://izumibiosciences.in/wp-content/uploads/2023/07/False-Smut-of-Rice-Symptoms-Impact-Disease-Cycle-and-Management.png
